ID,都道府県,JPRA-ID,遺跡群名,遺跡名,地点地区名,文化層石器文化,Latitude,Longitude
1,埼玉県,110001,,A-61号遺跡,,,35.90388889,139.6608333
2,埼玉県,110002,,A-61号遺跡,第２次調査,Ⅶ下部,35.90388889,139.6608333
3,埼玉県,110003,,A-69号遺跡,,,35.91416667,139.6475
4,埼玉県,110004,,会ノ谷遺跡,第３次,,35.87416667,139.6966667
5,埼玉県,110005,,会ノ谷遺跡,第４次,,35.87416667,139.6966667
6,埼玉県,110006,,会ノ谷遺跡,,ローム層中,35.87416667,139.6966667
7,埼玉県,110007,,相野谷１号遺跡,,Ⅴ,35.87694444,139.6144444
8,埼玉県,110008,,B-13号遺跡,,,35.91944444,139.6369444
9,埼玉県,110009,,B-22号（土呂陣屋跡）遺跡,J地点,,35.93055556,139.6375
10,埼玉県,110010,,B-53号遺跡,,Ⅳ～Ⅶ,35.93388889,139.6022222
11,埼玉県,110011,,B-53号遺跡,,Ⅲ,35.93388889,139.6022222
12,埼玉県,110012,,C-66号遺跡,,Ⅴ,35.91833333,139.5911111
13,埼玉県,110013,,梅所遺跡,,Ⅳ～Ⅴ,35.87722222,139.6966667
14,埼玉県,110014,,梅所南遺跡,,Ⅲ下部,35.87361111,139.7002778
15,埼玉県,110015,,馬場東遺跡,第５区,Ⅲ下層～Ⅳ,35.88972222,139.6883333
16,埼玉県,110016,,馬場東遺跡,第12区,Ⅳ,35.88972222,139.6883333
17,埼玉県,110017,,馬場北遺跡,,Ⅳ～Ⅴ,35.88861111,139.6841667
18,埼玉県,110018,,馬場北遺跡,J地点,Ⅳ～Ⅴ,35.88861111,139.6841667
19,埼玉県,110019,,馬場北遺跡,第7区,Ⅳ,35.88861111,139.6841667
20,埼玉県,110020,,馬場北遺跡,,Ⅲ下層～Ⅳ,35.88861111,139.6841667
21,埼玉県,110021,,馬場北遺跡,第5区,Ⅳ～Ⅴ,35.88861111,139.6841667
22,埼玉県,110022,,馬場北遺跡,第７次,Ⅳ下～Ⅴ上,35.88861111,139.6841667
23,埼玉県,110023,,馬場北遺跡,第16次　第27Ａ区,Ⅲ下部～Ⅳ上部,35.88861111,139.6841667
24,埼玉県,110024,,馬場北遺跡,第16次　第27Ｂ区,Ⅲ～Ⅳ,35.88861111,139.6841667
25,埼玉県,110025,,馬場小室山遺蹟,第105区,,35.88472222,139.6858333
26,埼玉県,110026,,馬場小室山遺蹟,第29次,Ⅲ～Ⅳ,35.88472222,139.6858333
27,埼玉県,110027,,別所子野上遺跡,第５次,Ⅲ～Ⅴ,35.85555556,139.6427778
28,埼玉県,110028,,別所西野台遺跡,,Ⅲ上面,35.85083333,139.6430556
29,埼玉県,110029,,C-23号遺跡,,,35.93638889,139.5822222
30,埼玉県,110030,,C-26号遺跡,,Ⅲ～Ⅳ,35.92888889,139.5575
31,埼玉県,110031,,C-66号遺跡,,Ⅲ～Ⅳ上面,35.91833333,139.5911111
32,埼玉県,110032,,台耕地南遺跡,,ローム層最上層,35.88972222,139.605
33,埼玉県,110033,,海老沼南遺跡,,,35.90777778,139.6422222
34,埼玉県,110034,,えんぎ山遺跡,,,35.88888889,139.7113889
35,埼玉県,110035,,不動谷遺跡,第３次,,35.87638889,139.6836111
36,埼玉県,110036,,不動谷遺跡,第４次,Ⅲ～Ⅳ,35.87361111,139.6780556
37,埼玉県,110037,,不動谷遺跡,第４次,Ⅲ,35.87361111,139.6780556
38,埼玉県,110038,,不動谷遺跡,第７次,Ⅲ～Ⅵ,35.87416667,139.68
39,埼玉県,110039,,深作原遺跡,第２次調査,Ⅲ～Ⅴ,35.95333333,139.6577778
40,埼玉県,110040,,深作稲荷台遺跡,第２・３次,Ⅲ～Ⅶ,35.94722222,139.665
41,埼玉県,110041,,玄蕃新田本田遺跡,第３次,Ⅲ～Ⅴ,35.89055556,139.7133333
42,埼玉県,110042,,玄蕃新田本田遺跡,第３次,,35.89055556,139.7133333
43,埼玉県,110043,,行谷遺跡,第３次,,35.88194444,139.7355556
44,埼玉県,110044,,行谷遺跡,第５次,,35.88194444,139.7355556
45,埼玉県,110045,,原遺跡,,Ⅲ,35.9,139.5911111
46,埼玉県,110046,,原山東原遺跡,第２次,,35.87027778,139.6672222
47,埼玉県,110047,,原山東原遺跡,第４次,Ⅴ,35.87027778,139.6672222
48,埼玉県,110048,,東高砂遺跡,,,35.85888889,139.6586111
49,埼玉県,110049,,東高砂北遺跡,,Ⅲ,35.85888889,139.6580556
50,埼玉県,110050,,東裏遺跡,第３次,Ⅳ～Ⅴ,35.88638889,139.7322222
51,埼玉県,110051,,東裏西遺跡,,不明,35.85583333,139.6775
52,埼玉県,110052,,東裏西遺跡,,,35.85583333,139.6775
53,埼玉県,110053,,東北原遺跡,９次,,35.95416667,139.6375
54,埼玉県,110054,,氷川神社東遺跡,,第Ⅰ文化層　Ⅱ～Ⅲ,35.91722222,139.6322222
55,埼玉県,110055,,氷川神社東遺跡,,第Ⅱ文化層　Ⅳ～Ⅴ,35.91722222,139.6322222
56,埼玉県,110056,,氷川神社東遺跡,,,35.91722222,139.6322222
57,埼玉県,110057,,日向北遺跡,第２次,,35.87666667,139.6844444
58,埼玉県,110058,,広ヶ谷戸稲荷越遺跡,第５次,,35.86638889,139.6836111
59,埼玉県,110059,,本田遺跡,南側調査区,Ⅲ～Ⅴ,35.89027778,139.7119444
60,埼玉県,110060,,本杢遺跡,第４地点,,35.86583333,139.6238889
61,埼玉県,110061,,稲荷越遺跡,第２次,Ⅲ,35.86305556,139.6844444
62,埼玉県,110062,,井沼方馬堤遺跡,,第Ⅳ・Ⅴ層,35.86416667,139.6955556
63,埼玉県,110063,,井沼方遺跡,,,35.8625,139.6975
64,埼玉県,110064,,井沼方遺跡,,Ⅲ,35.8625,139.6975
65,埼玉県,110065,,井沼方遺跡,第14次,,35.8625,139.6975
66,埼玉県,110066,,井沼方遺跡,第28次,,35.8625,139.6975
67,埼玉県,110067,,一ツ木遺跡,,,35.84611111,139.6663889
68,埼玉県,110068,,上太寺遺跡,,,35.87083333,139.6358333
69,埼玉県,110069,,高台山遺跡,,,35.95111111,139.6286111
70,埼玉県,110070,,鎌倉公園遺跡,,,35.90388889,139.6661111
71,埼玉県,110071,,上木崎三丁目遺跡,,,35.88888889,139.6436111
72,埼玉県,110072,,上野田西台遺跡,,Ⅳ,35.90833333,139.6947222
73,埼玉県,110073,,上ノ宮遺跡,第２次,Ⅱ～Ⅲ,35.85527778,139.6344444
74,埼玉県,110074,,関東遺跡,,,35.8975,139.6144444
75,埼玉県,110075,,片柳下組遺跡,,,35.89833333,139.6563889
76,埼玉県,110076,,北宿遺跡,第３地点,Ⅵ,35.89055556,139.6805556
77,埼玉県,110077,,北宿遺跡,第３地点,,35.89055556,139.6805556
78,埼玉県,110078,,北宿遺跡,,Ⅳ～Ⅴ,35.89055556,139.6805556
79,埼玉県,110079,,北宿遺跡,第７地点,,35.89055556,139.6805556
80,埼玉県,110080,,北宿遺跡,第10区,,35.89055556,139.6805556
81,埼玉県,110081,,北宿遺跡,第９地点,,35.89055556,139.6805556
82,埼玉県,110082,,北宿遺跡,第12地点,,35.89055556,139.6805556
83,埼玉県,110083,,北宿遺跡,第20地点,,35.89055556,139.6805556
84,埼玉県,110084,,北宿遺跡,,,35.89055556,139.6805556
85,埼玉県,110085,,北宿遺跡,第17次,Ⅲ～Ⅳ,35.89055556,139.6805556
86,埼玉県,110086,,北宿遺跡,第17次,,35.89055556,139.6805556
87,埼玉県,110087,,北宿南遺跡,,,35.88777778,139.6780556
88,埼玉県,110088,,北宿西遺跡,,Ⅳ・Ⅴ,35.88611111,139.6738889
89,埼玉県,110089,,北宿西遺跡,,Ⅳ上,35.88611111,139.6738889
90,埼玉県,110090,,北宿西遺跡,,Ⅵ,35.88611111,139.6738889
91,埼玉県,110091,,北宿西遺跡,,,35.88611111,139.6738889
92,埼玉県,110092,,北宿西遺跡,,,35.88611111,139.6738889
93,埼玉県,110093,,北宿西遺跡,第２次,Ⅲ～Ⅳ,35.88611111,139.6738889
94,埼玉県,110094,,北宿西遺跡,第２次,,35.88611111,139.6738889
95,埼玉県,110095,,小深作前遺跡,,,35.9425,139.6666667
96,埼玉県,110096,,駒形北遺跡,,Ⅶ,35.87361111,139.6769444
97,埼玉県,110097,,駒形北遺跡,,Ⅲ,35.87361111,139.6769444
98,埼玉県,110098,,駒形北遺跡,第２次,,35.87583333,139.6827778
99,埼玉県,110099,,駒形南遺跡,第１・２次,Ⅲ～Ⅴ,35.87194444,139.6852778
100,埼玉県,110100,,駒形南遺跡,第１・２次,,35.87194444,139.6852778
101,埼玉県,110101,,駒前遺跡,第３次,,35.87555556,139.6797222
102,埼玉県,110102,,駒前南遺跡,,Ⅲ～Ⅳ,35.87388889,139.6808333
103,埼玉県,110103,,今羽丸山遺跡,,,35.95222222,139.6222222
104,埼玉県,110104,,椚谷遺跡,第12次,Ⅳ下部,35.87861111,139.7341667
105,埼玉県,110105,,椚谷遺跡,第10次,,35.87861111,139.7341667
106,埼玉県,110106,,椚谷遺跡,第３次,Ⅲ～Ⅳ上部,35.87861111,139.7341667
107,埼玉県,110107,,椚谷遺跡,第３次,,35.87861111,139.7341667
108,埼玉県,110108,,椚谷遺跡,第５次,,35.87861111,139.7341667
109,埼玉県,110109,,黒谷田端前遺跡,,,35.92138889,139.7219444
110,埼玉県,110110,,真土3号遺跡,,,35.87361111,139.6202778
111,埼玉県,110111,,前窪西遺跡,,Ⅲ最上部,35.88555556,139.6630556
112,埼玉県,110112,,間宮宮後遺跡,,Ⅳ～Ⅴ,35.88555556,139.7197222
113,埼玉県,110113,,間宮宮後遺跡,,Ⅲ,35.88555556,139.7197222
114,埼玉県,110114,,間宮宮後遺跡,,Ⅲ,35.88555556,139.7197222
115,埼玉県,110115,,松木遺跡,,Ⅲ～Ⅴ,35.8825,139.6891667
116,埼玉県,110116,,松木遺跡,第７区,Ⅳ,35.8825,139.6891667
117,埼玉県,110117,,松木遺跡,第13区,Ⅳ上面,35.8825,139.6891667
118,埼玉県,110118,,松木遺跡,,Ⅲ～Ⅳ中,35.8825,139.6891667
119,埼玉県,110119,,松木遺跡,第５次　第12Ａ区,Ⅴ,35.8825,139.6891667
120,埼玉県,110120,,松木遺跡,第５次　第12Ａ区,Ⅲ下部～Ⅳ,35.8825,139.6891667
121,埼玉県,110121,,松木遺跡,第５次　第12Ｂ区,,35.8825,139.6891667
122,埼玉県,110122,,松木遺跡,第７次,Ⅳ～Ⅴ,35.8825,139.6891667
123,埼玉県,110123,,松木遺跡,第９次,Ⅴ～Ⅶ,35.8825,139.6891667
124,埼玉県,110124,,松木遺跡,第９次,Ⅳ,35.8825,139.6891667
125,埼玉県,110125,,松木遺跡,第22区,,35.8825,139.6891667
126,埼玉県,110126,,松木遺跡,第27Ｂ区,,35.8825,139.6891667
127,埼玉県,110127,,松木遺跡,第20区,,35.8825,139.6891667
128,埼玉県,110128,,御蔵台遺跡,,Ⅲ～Ⅴ,35.90888889,139.6616667
129,埼玉県,110129,,御蔵台遺跡,,,35.90888889,139.6616667
130,埼玉県,110130,,御蔵山中遺跡,２次,Ⅲ～Ⅴ,35.90638889,139.6641667
131,埼玉県,110131,,御蔵山中遺跡,２次,,35.90638889,139.6641667
132,埼玉県,110132,,三室遺跡,,,35.88361111,139.6816667
133,埼玉県,110133,,三室遺跡,第28区　,,35.88361111,139.6816667
134,埼玉県,110134,,三室西宿南遺跡,第２区,Ⅲ～Ⅴ,35.87944444,139.6725
135,埼玉県,110135,,三室西宿南遺跡,第９区,Ⅲ～Ⅳ,35.87944444,139.6725
136,埼玉県,110136,,三室西宿南遺跡,第２次,,35.87944444,139.6725
137,埼玉県,110137,,南宿北遺跡,,Ⅲ,35.88166667,139.6794444
138,埼玉県,110138,,南宿北遺跡,,Ⅳ～Ⅴ,35.88166667,139.6794444
139,埼玉県,110139,,南宿北遺跡,,,35.88166667,139.6794444
140,埼玉県,110140,,南中丸下高井遺跡,,Ⅲ,35.91027778,139.6505556
141,埼玉県,110141,,南中丸下高井遺跡,,Ⅳ,35.91027778,139.6505556
142,埼玉県,110142,,南中野諏訪遺跡,,Ⅳ～Ⅴ,35.90583333,139.6577778
143,埼玉県,110143,,峰岸北遺跡,,Ⅲ～Ⅴ,35.93361111,139.5547222
144,埼玉県,110144,,峰岸北遺跡,,,35.93361111,139.5547222
145,埼玉県,110145,,宮前遺跡,,,35.86361111,139.705
146,埼玉県,110146,,宮前遺跡,第22区,Ⅳ,35.86361111,139.705
147,埼玉県,110147,,宮本遺跡,,Ⅲ～Ⅴ,35.8875,139.6922222
148,埼玉県,110148,,宮本遺跡,,,35.8875,139.6922222
149,埼玉県,110149,,宮本遺跡,第２次,Ⅲ～Ⅴ,35.8875,139.6922222
150,埼玉県,110150,,水深遺跡,,Ⅲ,35.87638889,139.6936111
151,埼玉県,110151,,水深遺跡,,,35.87638889,139.6936111
152,埼玉県,110152,,水深北遺跡,,,35.87888889,139.6897222
153,埼玉県,110153,,本太三丁目遺跡,第２次,Ⅲ～Ⅶ,35.83666667,139.6466667
154,埼玉県,110154,,本太三丁目遺跡,,,35.83666667,139.6466667
155,埼玉県,110155,,本太四丁目遺跡,,Ⅲ～Ⅴ,35.8675,139.6569444
156,埼玉県,110156,,明花向遺跡,Ａ区,第Ⅳ層,35.85611111,139.695
157,埼玉県,110157,,明花向遺跡,Ａ区,第Ⅷ・Ⅸ層,35.85611111,139.695
158,埼玉県,110158,,明花向遺跡,Ｃ区,第Ⅳ層,35.85611111,139.695
159,埼玉県,110159,,水深西遺跡,,Ⅲ上層,35.875,139.69
160,埼玉県,110160,,水深西遺跡,,,35.875,139.69
161,埼玉県,110161,,中川八幡遺跡,,,35.90138889,139.6533333
162,埼玉県,110162,,中川貝塚遺跡,,Ⅲ～Ⅴ,35.90722222,139.6511111
163,埼玉県,110163,,中川貝塚遺跡,３次,第１文化層,35.90722222,139.6511111
164,埼玉県,110164,,中川貝塚遺跡,３次,第2文化層,35.90722222,139.6511111
165,埼玉県,110165,,中川貝塚遺跡,３次,第3文化層,35.90722222,139.6511111
166,埼玉県,110166,,中原後遺跡,第２次,Ⅳ～Ⅴ,35.89111111,139.6483333
167,埼玉県,110167,,中原後遺跡,第２次,Ⅴ～Ⅶ,35.89111111,139.6483333
168,埼玉県,110168,,中原後遺跡,第３次,,35.89111111,139.6483333
169,埼玉県,110169,,中尾緑島遺跡,,,35.86722222,139.6852778
170,埼玉県,110170,,中尾中丸遺跡,第２次,,35.87333333,139.6855556
171,埼玉県,110171,,中里前原遺跡,第２次Ｂ地点,,35.87277778,139.6358333
172,埼玉県,110172,,中里前原北遺跡,,,35.87444444,139.6358333
173,埼玉県,110173,,南方遺跡,第１次,,35.87555556,139.7383333
174,埼玉県,110174,,南方遺跡,,,35.87555556,139.7383333
175,埼玉県,110175,,南方遺跡,第４次,,35.87555556,139.7383333
176,埼玉県,110176,,南方遺跡,第５次,,35.87555556,139.7383333
177,埼玉県,110177,,南方西台遺跡,第１次,,35.87361111,139.7375
178,埼玉県,110178,,南方上台遺跡,第２次,,35.87361111,139.7375
179,埼玉県,110179,,二度栗山遺跡,,,35.87555556,139.6352778
180,埼玉県,110180,,西原遺跡,,,35.95111111,139.6836111
181,埼玉県,110181,,西本郷遺跡,,,35.94777778,139.6258333
182,埼玉県,110182,,西谷遺跡,,Ⅲ下層～Ⅳ,35.86666667,139.7
183,埼玉県,110183,,西大宮バイパス№１遺跡,,,35.9275,139.5916667
184,埼玉県,110184,,西大宮バイパス№２遺跡,,Ⅲ,35.92694444,139.5927778
185,埼玉県,110185,,西大宮バイパス№４遺跡,,ⅢとⅣ,35.92527778,139.5875
186,埼玉県,110186,,西大宮バイパス№５遺跡,,第１文化層　Ⅲ,35.92444444,139.5816667
187,埼玉県,110187,,西大宮バイパス№５遺跡,,第2文化層　Ⅲ～Ⅴ,35.92444444,139.5816667
188,埼玉県,110188,,西大宮バイパス№５遺跡,,第3文化層　ＡＴ以前,35.92444444,139.5816667
189,埼玉県,110189,,大古里遺跡,,Ⅲ～Ⅳ,35.88972222,139.6744444
190,埼玉県,110190,,大古里遺跡,,,35.88972222,139.6744444
191,埼玉県,110191,,大古里遺跡,,,35.88972222,139.6744444
192,埼玉県,110192,,大古里遺跡,第19地点,,35.89277778,139.6688889
193,埼玉県,110193,,大古里遺跡,第20地点,,35.88972222,139.6744444
194,埼玉県,110194,,大古里遺跡,,Ⅲ,35.88972222,139.6744444
195,埼玉県,110195,,大古里遺跡,,,35.88972222,139.6744444
196,埼玉県,110196,,大古里遺跡,第７次,,35.88972222,139.6744444
197,埼玉県,110197,,大古里遺跡,第26地点,,35.88972222,139.6744444
198,埼玉県,110198,,大北遺跡,第５次,Ⅲ～Ⅳ,35.86416667,139.6969444
199,埼玉県,110199,,大北遺跡,第６次,Ⅲ～Ⅴ,35.86416667,139.6969444
200,埼玉県,110200,,大北遺跡,,,35.86416667,139.6969444
201,埼玉県,110201,,大北遺跡,第５区,,35.86416667,139.6969444
202,埼玉県,110202,,大木戸遺跡,第１次調査区,第１文化層/Ⅳ～Ⅴ,35.92361111,139.5777778
203,埼玉県,110203,,大木戸遺跡,第１次調査区,第2文化層/Ⅳ,35.92361111,139.5777778
204,埼玉県,110204,,大木戸遺跡,第１次調査区,第3文化層/Ⅶ下部,35.92361111,139.5777778
205,埼玉県,110205,,大木戸遺跡,第１地点,包含層,35.92361111,139.5777778
206,埼玉県,110206,,大木戸遺跡,第３地点,第Ⅶ層,35.92361111,139.5777778
207,埼玉県,110207,,大木戸遺跡,第４地点,第Ⅲ層,35.92361111,139.5777778
208,埼玉県,110208,,大木戸遺跡,第８地点,第Ⅲ層,35.92361111,139.5777778
209,埼玉県,110209,,大木戸遺跡,第９地点,包含層,35.92361111,139.5777778
210,埼玉県,110210,,大木戸遺跡,第10地点,第Ⅳ層,35.92361111,139.5777778
211,埼玉県,110211,,大間木内谷遺跡,,,35.87027778,139.6969444
212,埼玉県,110212,,大間木内谷遺跡,第３区,Ⅲ～Ⅳ,35.87027778,139.6969444
213,埼玉県,110213,,大間木内谷遺跡,第21区,Ⅲ～Ⅳ,35.87027778,139.6969444
214,埼玉県,110214,,大間木内谷北遺跡,第５次,Ⅳ,35.8725,139.6925
215,埼玉県,110215,,大戸本村７号遺跡,,,35.86444444,139.6394444
216,埼玉県,110216,,大和田第一遺跡,,ローム層,35.935,139.6430556
217,埼玉県,110217,,大和田第二遺跡,,ローム層,35.93416667,139.6008333
218,埼玉県,110218,,大和田第三（坂の上）遺跡,,黒色帯直上,35.93694444,139.6425
219,埼玉県,110219,,大和田第四遺跡,,,35.93583333,139.6427778
220,埼玉県,110220,,大谷口向原東遺跡,,,35.85861111,139.6830556
221,埼玉県,110221,,大谷口向原東遺跡,第２次,Ⅲ～Ⅵ,35.85861111,139.6830556
222,埼玉県,110222,,大崎東新井遺跡,第１次,Ⅲ,35.88666667,139.7061111
223,埼玉県,110223,,大崎東新井遺跡,第２次,,35.88666667,139.7061111
224,埼玉県,110224,,大崎東新井遺跡,第３次,,35.88666667,139.7061111
225,埼玉県,110225,,大崎北久保遺跡,第１次,Ⅲ～Ⅶ,35.89138889,139.7075
226,埼玉県,110226,,大崎北久保遺跡,第１次,Ⅲ,35.89138889,139.7075
227,埼玉県,110227,,大崎北久保遺跡,第２次,Ⅲ～Ⅶ,35.89138889,139.7075
228,埼玉県,110228,,大崎松原後遺跡,,Ⅲ～Ⅶ,35.85833333,139.6888889
229,埼玉県,110229,,大崎松原後遺跡,,,35.85833333,139.6888889
230,埼玉県,110230,,大和田高明遺跡,,第１文化層　Ⅲ～Ⅳ,35.9175,139.6452778
231,埼玉県,110231,,大和田高明遺跡,,第2文化層　Ⅳ～Ⅴ,35.9175,139.6452778
232,埼玉県,110232,,大和田高明遺跡,,第３文化層　Ⅴ～Ⅶ,35.9175,139.6452778
233,埼玉県,110233,,大谷口向原遺跡,,,35.85583333,139.6802778
234,埼玉県,110234,,大谷口向原南遺跡,第２次,,35.85861111,139.6855556
235,埼玉県,110235,,指扇下戸遺跡,,Ⅴ上面,35.91111111,139.5794444
236,埼玉県,110236,,指扇下戸遺跡,,,35.91111111,139.5794444
237,埼玉県,110237,,太田窪貝塚遺跡,,Ⅲ～Ⅳ上層,35.84888889,139.6861111
238,埼玉県,110238,,太田窪貝塚遺跡,,,35.84888889,139.6861111
239,埼玉県,110239,,山崎貝塚遺跡,,,35.89,139.6661111
240,埼玉県,110240,,芝原遺跡,第２次,Ⅲ～Ⅴ,35.87916667,139.6905556
241,埼玉県,110241,,芝原遺跡,,,35.87944444,139.6905556
242,埼玉県,110242,,下加遺跡,３次,,35.91805556,139.5983333
243,埼玉県,110243,,下加遺跡,４次,Ⅳ～Ⅴ,35.91805556,139.5983333
244,埼玉県,110244,,下加遺跡,４次,,35.91805556,139.5983333
245,埼玉県,110245,,真福寺貝塚,,,35.94027778,139.7061111
246,埼玉県,110246,,真福寺中道遺跡,,Ⅴ層より下層,35.93694444,139.7055556
247,埼玉県,110247,,真福寺中道南遺跡,,,35.935,139.7063889
248,埼玉県,110248,,白幡本宿遺跡,,,35.85111111,139.6508333
249,埼玉県,110249,,白幡本宿遺跡,,,35.85111111,139.6508333
250,埼玉県,110250,,神明遺跡,,,35.89055556,139.6280556
251,埼玉県,110251,,篠山遺跡,,,35.90194444,139.6716667
252,埼玉県,110252,,白幡中学校校庭内遺跡,,,35.855,139.6438889
253,埼玉県,110253,,白鍬宮腰遺跡,,包含層,35.81916667,139.6838889
254,埼玉県,110254,,側ケ谷戸貝塚遺跡,第２次調査,,35.89305556,139.6008333
255,埼玉県,110255,,染谷遺跡,,Ⅲ～Ⅴ,35.9125,139.6838889
256,埼玉県,110256,,高井遺跡,,ローム層,35.91916667,139.6452778
257,埼玉県,110257,,徳力東北遺跡,,,35.97416667,139.7216667
258,埼玉県,110258,,土呂陣屋遺跡,Ｉ地点,Ⅲ下層～Ⅳ,35.92527778,139.6366667
259,埼玉県,110259,,土呂陣屋遺跡,Ｉ地点,,35.92527778,139.6366667
260,埼玉県,110260,,鶴巻遺跡,,Ⅲ上面,35.89194444,139.7194444
261,埼玉県,110261,,内道西遺跡,,ローム層中,35.87527778,139.6158333
262,埼玉県,110262,,裏慈恩寺東遺跡,,Ⅴ層より下層,35.98972222,139.7097222
263,埼玉県,110263,,和田北遺跡,,Ⅳ,35.87333333,139.7052778
264,埼玉県,110264,,和田北遺跡,第６区,Ⅲ,35.87333333,139.7052778
265,埼玉県,110265,,鷲山遺跡,,Ⅲ～Ⅴ,35.93083333,139.6427778
266,埼玉県,110266,,八雲貝塚,第２次調査,Ⅲ～Ⅴ,35.90805556,139.6866667
267,埼玉県,110267,,山久保遺跡,,,35.87055556,139.6225
268,埼玉県,110268,,山久保遺跡,第３次,Ⅲ下部,35.87055556,139.6225
269,埼玉県,110269,,山久保遺跡,第５次,Ⅲ～Ⅴ,35.87055556,139.6225
270,埼玉県,110270,,山久保遺跡,第５次,,35.87055556,139.6225
271,埼玉県,110271,,吉野原遺跡,,Ⅳ,35.91333333,139.6158333
272,埼玉県,110272,,善前南遺跡,,Ⅳ,35.85305556,139.6830556
273,埼玉県,110273,,陣屋１号遺跡,,,35.87111111,139.6177778
274,埼玉県,110274,,陣屋2号遺跡,,,35.87027778,139.6183333
275,埼玉県,110275,,寿能遺跡,,,35.91972222,139.6419444
276,埼玉県,110276,,上組Ⅱ遺跡,,第Ⅲ層,35.91722222,139.4225
277,埼玉県,110277,,霞ヶ関遺跡,第３次調査,,35.92555556,139.4488889
278,埼玉県,110278,,川越城遺跡,,,35.92361111,139.4897222
279,埼玉県,110279,,光山遺跡,,,35.90611111,139.3894444
280,埼玉県,110280,,宮廻館跡遺跡,第4次調査区,包含層,35.95055556,139.4252778
281,埼玉県,110281,,宮廻館跡遺跡,Ａ区,,35.95222222,139.4258333
282,埼玉県,110282,,宮廻館跡遺跡,Ｅ区,,35.95222222,139.4258333
283,埼玉県,110283,,御伊勢原遺跡,,包含層,35.92111111,139.4241667
284,埼玉県,110284,,在家遺跡,第４次,,35.95583333,139.4316667
285,埼玉県,110285,,在家遺跡,Ｂ区,,35.95583333,139.4316667
286,埼玉県,110286,,萩山遺跡,,包含層,36.11833333,139.3319444
287,埼玉県,110287,,東山遺跡,,ソフトローム,36.07861111,139.4125
288,埼玉県,110288,,本田東台遺跡,,包含層,36.10611111,139.345
289,埼玉県,110289,,籠原裏遺跡,,,36.175,139.3338889
290,埼玉県,110290,,上前原遺跡,,表採,36.12138889,139.3391667
291,埼玉県,110291,,鹿嶋遺跡,,ハードローム　Ⅵ層段階　,36.10666667,139.3616667
292,埼玉県,110292,,荒神脇遺跡,,グリッド,36.10361111,139.3675
293,埼玉県,110293,,向原遺跡,,表採,36.11361111,139.3580556
294,埼玉県,110294,,西原遺跡,,包含層,36.12277778,139.3144444
295,埼玉県,110295,,塩西遺跡,Ｄ地区,ハードローム下部,36.10305556,139.3202778
296,埼玉県,110296,,塩西遺跡,Ｃ地区,ハードローム上部,36.10305556,139.3202778
297,埼玉県,110297,,塩丸山遺跡,,表採,36.10083333,139.3225
298,埼玉県,110298,,天神遺跡,,包含層,36.11277778,139.3111111
299,埼玉県,110299,,寺内遺跡,,包含層,36.11444444,139.3152778
300,埼玉県,110300,,山神遺跡,,包含層,36.11888889,139.3152778
301,埼玉県,110301,,赤山陣屋跡,,第１文化層,35.85222222,139.7477778
302,埼玉県,110302,,赤山陣屋跡,,第２文化層,35.85222222,139.7477778
303,埼玉県,110303,,赤山陣屋跡,,,35.85222222,139.7477778
304,埼玉県,110304,,赤山陣屋跡,,,35.85222222,139.7477778
305,埼玉県,110305,,赤山陣屋跡,第10次調査,Ⅳ,35.85166667,139.7452778
306,埼玉県,110306,,新井宿下一斗蒔遺跡,,Ⅴ,35.8425,139.7375
307,埼玉県,110307,,新井宿下一斗蒔遺跡,,Ⅲ,35.8425,139.7375
308,埼玉県,110308,,源長寺前遺跡,,,35.8425,139.7438889
309,埼玉県,110309,,神戸上ノ台遺跡,,Ⅳ～Ⅴ,35.85166667,139.7247222
310,埼玉県,110310,,行衛往還通遺跡,第７次調査,Ⅲ中,35.86833333,139.7375
311,埼玉県,110311,,行衛往還通遺跡,第７次調査,Ⅳ～Ⅴ,35.86833333,139.7375
312,埼玉県,110312,,行衛往還通遺跡,第11次調査,,35.86833333,139.7375
313,埼玉県,110313,,八本木遺跡,,,35.85166667,139.7213889
314,埼玉県,110314,,東町裏遺跡,,Ⅴ上面,35.85361111,139.7386111
315,埼玉県,110315,,石神貝塚遺跡,,,35.85138889,139.7380556
316,埼玉県,110316,,石神仲道遺跡,第２次調査,,35.86277778,139.7363889
317,埼玉県,110317,,海道西遺跡,,Ⅲ～Ⅳ,35.86222222,139.7372222
318,埼玉県,110318,,叺原遺跡,,Ⅲ上部～中部,35.85472222,139.73
319,埼玉県,110319,,叺原遺跡,,Ⅲ上部～Ⅳ上部,35.85472222,139.73
320,埼玉県,110320,,叺原遺跡,,Ⅲ上部,35.85472222,139.73
321,埼玉県,110321,,木曽呂遺跡,,Ⅳ下層,35.8625,139.7191667
322,埼玉県,110322,,木曽呂遺跡,,Ⅶ,35.8625,139.7191667
323,埼玉県,110323,,木曽呂北遺跡,,Ⅲ～Ⅳ,35.86333333,139.7213889
324,埼玉県,110324,,木曽呂表遺跡,,,35.85861111,139.7197222
325,埼玉県,110325,,道合高木前遺跡,,,35.84694444,139.7225
326,埼玉県,110326,,道上遺跡,,,35.85333333,139.7397222
327,埼玉県,110327,,猿貝北遺跡,,,35.85194444,139.7530556
328,埼玉県,110328,,新町口遺跡,,,35.85333333,139.7363889
329,埼玉県,110329,,篠谷ツ遺跡,,Ⅲ,35.86444444,139.7263889
330,埼玉県,110330,,天神山遺跡,,,35.82972222,139.7511111
331,埼玉県,110331,,天神山遺跡,,Ⅳ下部～Ⅴ上部,35.82972222,139.7511111
332,埼玉県,110332,,吉岡遺跡,,,35.835,139.7558333
333,埼玉県,110333,,長野中学校校庭（馬場裏遺跡）,,,36.15055556,139.4663889
334,埼玉県,110334,,橋立岩陰遺跡,,,35.99388889,139.0611111
335,埼玉県,110335,,畦の前遺跡,,,35.77722222,139.4491667
336,埼玉県,110336,,東の上遺跡,,,35.78194444,139.4669444
337,埼玉県,110337,,茨山遺跡,第２次,Ⅳ上層,35.79972222,139.4908333
338,埼玉県,110338,,ハケ遺跡,第２次,,35.79472222,139.4458333
339,埼玉県,110339,,ハケ遺跡,第３次,,35.79472222,139.4458333
340,埼玉県,110340,,日向遺跡,,,35.78583333,139.405
341,埼玉県,110341,,本郷東上遺跡,,,35.79333333,139.5208333
342,埼玉県,110342,,海谷遺跡,,Ⅳ上層,35.78638889,139.4333333
343,埼玉県,110343,,海谷遺跡,,,35.78638889,139.4333333
344,埼玉県,110344,,上新井台遺跡,第１次,,35.79583333,139.4433333
345,埼玉県,110345,,上新井台遺跡,第２次,,35.79583333,139.4433333
346,埼玉県,110346,,(仮)笠松遺跡,,,35.76805556,139.3938889
347,埼玉県,110347,,(仮)北入遺跡,,,35.78111111,139.3997222
348,埼玉県,110348,,北久米遺跡,,,35.78027778,139.4561111
349,埼玉県,110349,,清橋遺跡,,Ⅲ層,35.79888889,139.4205556
350,埼玉県,110350,,甲館出遺跡,第１・２次,Ⅳ上層,35.81,139.5375
351,埼玉県,110351,,南山遺跡,,,35.79416667,139.4841667
352,埼玉県,110352,,宮林遺跡,第１次,Ⅳ上層,35.78888889,139.3975
353,埼玉県,110353,,宮林遺跡,,第１文化層,35.78888889,139.3975
354,埼玉県,110354,,宮林遺跡,,第２文化層,35.78888889,139.3975
355,埼玉県,110355,,宮前遺跡,,Ⅳ上層,35.865,139.7030556
356,埼玉県,110356,,宮前遺跡,,Ⅳ上層,35.865,139.7030556
357,埼玉県,110357,,宮前遺跡,,Ⅳ上層,35.865,139.7030556
358,埼玉県,110358,,宮前遺跡,,,35.865,139.7030556
359,埼玉県,110359,,村中遺跡,,,35.78722222,139.4505556
360,埼玉県,110360,,武蔵野遺跡,,,35.80638889,139.4919444
361,埼玉県,110361,,中砂遺跡,,Ⅲ層,35.80083333,139.4247222
362,埼玉県,110362,,中砂遺跡,,Ⅳ上層・Ⅳ下層,35.80083333,139.4247222
363,埼玉県,110363,,西谷戸遺跡,,,35.77166667,139.4094444
364,埼玉県,110364,,西上遺跡,,,35.79111111,139.515
365,埼玉県,110365,,野中遺跡,,,35.79944444,139.4269444
366,埼玉県,110366,,お伊勢山遺跡,台地東部,第１文化層,35.78583333,139.3986111
367,埼玉県,110367,,お伊勢山遺跡,台地東部,第２文化層,35.78583333,139.3986111
368,埼玉県,110368,,お伊勢山遺跡,台地東部,第３文化層,35.78583333,139.3986111
369,埼玉県,110369,,お伊勢山遺跡,,包含層,35.78583333,139.3986111
370,埼玉県,110370,,大堀山館跡,,Ⅳ下層,35.78083333,139.4788889
371,埼玉県,110371,,境窪遺跡,,Ⅲ層,35.78472222,139.4605556
372,埼玉県,110372,,白旗塚遺跡,第２次,Ⅲ下～Ⅳ層,35.795,139.4211111
373,埼玉県,110373,,下安松遺跡,,,35.78666667,139.4977778
374,埼玉県,110374,,城西の上遺跡,第１次,Ⅳ上層,35.80333333,139.5233333
375,埼玉県,110375,,砂川遺跡,Ａ地点,,35.79638889,139.4116667
376,埼玉県,110376,,砂川遺跡,Ｆ地点,,35.79638889,139.4116667
377,埼玉県,110377,,砂川遺跡,第４次,,35.79638889,139.4116667
378,埼玉県,110378,,砂川遺跡,,,35.79638889,139.4116667
379,埼玉県,110379,,駿河台遺跡,,,35.81694444,139.4852778
380,埼玉県,110380,,駿河台遺跡,第１次,,35.81694444,139.4852778
381,埼玉県,110381,,駿河台遺跡,,,35.81694444,139.4852778
382,埼玉県,110382,,駿河台遺跡,第１次,,35.81694444,139.4852778
383,埼玉県,110383,,駿河台遺跡,第２次,,35.82611111,139.4755556
384,埼玉県,110384,,高峰遺跡,,,35.78083333,139.4269444
385,埼玉県,110385,,武野原遺跡,,,35.81444444,139.4930556
386,埼玉県,110386,,後内手遺跡,第１次,Ⅳ上層,35.7875,139.4166667
387,埼玉県,110387,,和田遺跡,第11次,Ⅴ～Ⅵ層,35.78916667,139.5094444
388,埼玉県,110388,,和田遺跡,第９次,,35.78916667,139.5094444
389,埼玉県,110389,,和田遺跡,第16次,,35.78916667,139.5094444
390,埼玉県,110390,,和田遺跡,第18次,,35.78916667,139.5094444
391,埼玉県,110391,,和田遺跡,第20次,Ⅳ下層,35.78916667,139.5094444
392,埼玉県,110392,,和田遺跡,第27次,,35.78916667,139.5094444
393,埼玉県,110393,,山下後遺跡,第１次,Ⅲ下～Ⅳ層,35.78666667,139.4580556
394,埼玉県,110394,,山下後遺跡,第６次,,35.78666667,139.4580556
395,埼玉県,110395,,山下後遺跡,第３次,,35.78666667,139.4580556
396,埼玉県,110396,,山下後遺跡,第５次,Ⅳ上層,35.78666667,139.4580556
397,埼玉県,110397,,屋敷前遺跡,第１次,Ⅲ層,35.805,139.5072222
398,埼玉県,110398,,吉野遺跡,,,35.79111111,139.5975
399,埼玉県,110399,,吉野遺跡,,,35.79111111,139.5975
400,埼玉県,110400,,膳棚遺跡,,,35.78944444,139.4441667
401,埼玉県,110401,,旭原遺跡,,,35.97916667,139.3247222
402,埼玉県,110402,,小岩井渡場遺跡,,,35.86333333,139.2716667
403,埼玉県,110403,,中台遺跡,,,35.85888889,139.3375
404,埼玉県,110404,,中矢下Ａ遺跡,,,35.84583333,139.3108333
405,埼玉県,110405,,屋渕遺跡,,,35.86138889,139.3363889
406,埼玉県,110406,,夕日ノ沢遺跡,,,35.84611111,139.3094444
407,埼玉県,110407,,浅見山Ⅰ遺跡,,,36.21861111,139.1772222
408,埼玉県,110408,,西冨田・四方田条里遺跡,,,36.22666667,139.1616667
409,埼玉県,110409,,将監塚遺跡,,,36.22027778,139.1433333
410,埼玉県,110410,,古吉海道遺跡,第２次調査区,包含層,36.01555556,139.4283333
411,埼玉県,110411,,原宿遺跡,,表採,36.07416667,139.4091667
412,埼玉県,110412,,雷原遺跡,,表採,36.08555556,139.4
413,埼玉県,110413,,岩鼻遺跡,,包含層,36.04777778,139.4113889
414,埼玉県,110414,,上川入遺跡,,,36.02083333,139.4152778
415,埼玉県,110415,,雉子山遺跡,,包含層,36.02916667,139.3786111
416,埼玉県,110416,,中山遺跡,,表採,36.07111111,139.4091667
417,埼玉県,110417,,青鳥城跡,,包含層,36.0325,139.3780556
418,埼玉県,110418,,桜山古墳群,,,35.99416667,139.3905556
419,埼玉県,110419,,山王裏遺跡,,,36.02416667,139.4147222
420,埼玉県,110420,,立野遺跡,,包含層,35.98611111,139.3813889
421,埼玉県,110421,,坊荒句遺跡,,,35.98916667,139.7236111
422,埼玉県,110422,,坊荒句遺跡,２次,Ⅲ～Ⅶ,35.99083333,139.7208333
423,埼玉県,110423,,坊荒句遺跡,２次,,35.99083333,139.7208333
424,埼玉県,110424,,坊荒句北遺跡,２次,ソフトロームから黒色帯,35.99083333,139.7208333
425,埼玉県,110425,,花積38号遺跡,,,35.9675,139.7141667
426,埼玉県,110426,,花積内谷耕地遺跡,３次,,35.96638889,139.7155556
427,埼玉県,110427,,花積内谷耕地遺跡,５次,ソフトローム直上,35.96638889,139.7155556
428,埼玉県,110428,,竹之下遺跡,,,35.9975,139.7247222
429,埼玉県,110429,,立山遺跡,,ソフトローム下部からハードローム上層,35.99194444,139.7180556
430,埼玉県,110430,,慈恩寺原西遺跡,,ハードロームから黒色帯,35.96888889,139.7125
431,埼玉県,110431,,東久保遺跡,,表採,35.86333333,139.3777778
432,埼玉県,110432,,上中原遺跡,,表採,35.86277778,139.4194444
433,埼玉県,110433,,丸山遺跡,,包含層,35.88916667,139.4041667
434,埼玉県,110434,,森ノ上西遺跡,,表採,35.87055556,139.3972222
435,埼玉県,110435,,中原遺跡,,,35.85583333,139.4216667
436,埼玉県,110436,,西久保遺跡,Ａ区,Ⅰ期,35.86583333,139.3777778
437,埼玉県,110437,,西久保遺跡,Ａ区,Ⅱ期,35.86583333,139.3777778
438,埼玉県,110438,,下双木遺跡,,表採,35.87944444,139.3963889
439,埼玉県,110439,,谷田遺跡,,,36.20333333,139.5847222
440,埼玉県,110440,,大道遺跡,,Ⅲ,36.17611111,139.3963889
441,埼玉県,110441,,内谷遺跡,,,36.17833333,139.5902778
442,埼玉県,110442,,中三谷遺跡,,,36.07,139.5213889
443,埼玉県,110443,,新屋敷遺跡,Ｃ区,,36.06472222,139.5180556
444,埼玉県,110444,,新屋敷遺跡,Ｄ区,,36.06472222,139.5180556
445,埼玉県,110445,,古井戸遺跡,,包含層,36.21805556,139.1391667
446,埼玉県,110446,,権現堂北遺跡,,包含層,36.1175,139.2952778
447,埼玉県,110447,,東原遺跡,,,36.14694444,139.2566667
448,埼玉県,110448,,石蒔遺跡,Ａ地点,,36.20527778,139.1988889
449,埼玉県,110449,,城の内遺跡,,包含層,36.20583333,139.1552778
450,埼玉県,110450,,北坂遺跡,,包含層,36.17416667,139.1947222
451,埼玉県,110451,,北篠場遺跡,,包含層,36.12083333,139.2994444
452,埼玉県,110452,,万願寺遺跡,,,36.11972222,139.3055556
453,埼玉県,110453,,宮林遺跡,,,36.13944444,139.2522222
454,埼玉県,110454,,水久保遺跡,,,36.19111111,139.2252778
455,埼玉県,110455,,宮入遺跡,,,36.1075,139.2741667
456,埼玉県,110456,,荷鞍ヶ谷戸遺跡,,,36.1225,139.305
457,埼玉県,110457,,西谷遺跡,,,36.19111111,139.2233333
458,埼玉県,110458,,沢口遺跡,,,36.145,139.2766667
459,埼玉県,110459,,白草遺跡,,ソフトローム,36.12194444,139.2988889
460,埼玉県,110460,,四反歩遺跡,,,36.12166667,139.2994444
461,埼玉県,110461,,天沼遺跡,第１次調査,,35.94027778,139.5552778
462,埼玉県,110462,,天沼遺跡,第２次調査,,35.94027778,139.5552778
463,埼玉県,110463,,天沼遺跡,第３次調査,,35.94027778,139.5552778
464,埼玉県,110464,,畔吉遺跡,第２次調査,ソフトローム,35.95805556,139.5419444
465,埼玉県,110465,,袋Ⅰ遺跡,,第２層,35.97944444,139.545
466,埼玉県,110466,,稲荷台遺跡,,,35.93805556,139.5533333
467,埼玉県,110467,,十二番耕地遺跡,,,35.97027778,139.6233333
468,埼玉県,110468,,柏座遺跡,第３次調査,ソフト～ハードローム,35.97361111,139.5825
469,埼玉県,110469,,前戸崎遺跡,,第Ⅲ層,35.93888889,139.5961111
470,埼玉県,110470,,中妻三丁目遺跡,,,35.98416667,139.5688889
471,埼玉県,110471,,三番耕地遺跡,,,35.96222222,139.6222222
472,埼玉県,110472,,宿東Ⅴ遺跡,,,35.94666667,139.5533333
473,埼玉県,110473,,寺東遺跡,,ソフトローム,35.97027778,139.5683333
474,埼玉県,110474,,殿山遺跡,第１次調査,,35.96333333,139.5405556
475,埼玉県,110475,,殿山遺跡,第２次調査,,35.96333333,139.5405556
476,埼玉県,110476,,谷津下Ⅰ遺跡,,第Ⅲ～Ⅳ層,35.98416667,139.6122222
477,埼玉県,110477,,在家遺跡,第１次調査,ソフトローム,35.95527778,139.5522222
478,埼玉県,110478,,坂東山遺跡,第３次調査区,第Ⅳ層上部,35.84694444,139.3652778
479,埼玉県,110479,,坂東山遺跡,第１次・２次調査区,包含層,35.84694444,139.3652778
480,埼玉県,110480,,坂東山遺跡,,,35.84694444,139.3652778
481,埼玉県,110481,,東武蔵野遺跡,,,35.80638889,139.3408333
482,埼玉県,110482,,南内野遺跡,,,35.80888889,139.3341667
483,埼玉県,110483,,カジヤカイト遺跡,,,35.8225,139.3666667
484,埼玉県,110484,,丸山遺跡,,,35.83666667,139.3713889
485,埼玉県,110485,,宮地遺跡,,ソフトローム,35.85444444,139.3711111
486,埼玉県,110486,,中畑遺跡,,,35.81972222,139.3575
487,埼玉県,110487,,中池遺跡,,,35.84888889,139.3533333
488,埼玉県,110488,,中桂遺跡,,,35.79472222,139.3361111
489,埼玉県,110489,,中野遺跡,,,35.83444444,139.3794444
490,埼玉県,110490,,西武蔵野遺跡,,,35.79805556,139.3241667
491,埼玉県,110491,,登戸遺跡,,,35.80888889,139.3208333
492,埼玉県,110492,,御誉田遺跡遺跡,,,35.81277778,139.3386111
493,埼玉県,110493,,狭山台遺跡,,,35.80638889,139.3736111
494,埼玉県,110494,,狭山際遺跡,,,35.78638889,139.3747222
495,埼玉県,110495,,若宮遺跡,,,35.84194444,139.3827778
496,埼玉県,110496,,箭ノ根遺跡,,,35.81388889,139.3375
497,埼玉県,110497,,里字北谷第１遺跡,,第Ⅳ層上部文化層,35.8375,139.7375
498,埼玉県,110498,,里字北谷第１遺跡,,第Ⅳ層下部文化層,35.8375,139.7375
499,埼玉県,110499,,浦寺遺跡,,Ⅳ,35.83972222,139.7425
500,埼玉県,110500,,平沢・原畑遺跡,第８地点,包含層,35.79333333,139.5994444
501,埼玉県,110501,,越戸遺跡,第２地点,第Ⅳ～第Ⅵ層,35.79166667,139.6002778
502,埼玉県,110502,,道合・立出遺跡,第１地点,第Ⅲ層,35.825,139.5858333
503,埼玉県,110503,,宮台・宮原遺跡,第２地点,第Ⅳ層,35.80666667,139.6047222
504,埼玉県,110504,,宮台・宮原遺跡,第７地点,,35.80666667,139.6047222
505,埼玉県,110505,,向山遺跡,,第Ⅳ・Ⅴ層,35.80638889,139.6055556
506,埼玉県,110506,,向山遺跡,第３･４･７･10地点,包含層,35.80638889,139.6055556
507,埼玉県,110507,,中道・岡台遺跡,第１地点,第Ⅲ･Ⅳ･Ⅳ下・Ⅴ・Ⅶ層,35.81083333,139.5975
508,埼玉県,110508,,中道・岡台遺跡,第３地点,包含層,35.81083333,139.5975
509,埼玉県,110509,,岡・向山遺跡,,,35.81055556,139.6
510,埼玉県,110510,,泉水山・冨士谷遺跡,第３地区,第Ⅳ層,35.80805556,139.5819444
511,埼玉県,110511,,泉水山・冨士谷遺跡,第４地区,第Ⅲ層～第Ⅹ層層,35.80805556,139.5819444
512,埼玉県,110512,,泉水山・冨士谷遺跡,第６地区,第Ⅲ層～第Ⅹ層,35.80805556,139.5819444
513,埼玉県,110513,,泉水山・冨士谷遺跡,第７地区,第Ⅶ層～Ⅹ層,35.80805556,139.5819444
514,埼玉県,110514,,泉水山・冨士谷遺跡,第８地区,第Ⅳ層～第Ⅵ層,35.80805556,139.5819444
515,埼玉県,110515,,泉水山・冨士谷遺跡,第９地区,第Ⅳ下層,35.80805556,139.5819444
516,埼玉県,110516,,泉水山・冨士谷遺跡,第11地区,第Ⅲ層、第Ⅳ層,35.80805556,139.5819444
517,埼玉県,110517,,泉水山・冨士谷遺跡,第12地区,第Ⅵ層,35.80805556,139.5819444
518,埼玉県,110518,,泉水山・冨士谷遺跡,第13地区,第Ⅴ層,35.80805556,139.5819444
519,埼玉県,110519,,泉水山・冨士谷遺跡,第14地区,第Ⅳ層,35.80805556,139.5819444
520,埼玉県,110520,,泉水山・冨士谷遺跡,第16地区,第Ⅲ層～第Ⅸ層(5つの文化層),35.80805556,139.5819444
521,埼玉県,110521,,泉水山・冨士谷遺跡,第18地区,第Ⅳ層,35.80805556,139.5819444
522,埼玉県,110522,,泉水山・冨士谷遺跡,第20地区,第Ⅳ層,35.80805556,139.5819444
523,埼玉県,110523,,泉水山・冨士谷遺跡,第25地区,第Ⅲ層・第Ⅳ層(2つの文化層),35.80805556,139.5819444
524,埼玉県,110524,,泉水山・冨士谷遺跡,第31地区,第Ⅲ層,35.80805556,139.5819444
525,埼玉県,110525,,泉水山・冨士谷遺跡,第35地区,第Ⅲ層,35.80805556,139.5819444
526,埼玉県,110526,,泉水山・冨士谷遺跡,第37地区,第Ⅳ層,35.80805556,139.5819444
527,埼玉県,110527,,泉水山・冨士谷遺跡,第43地区,第Ⅴ層,35.80805556,139.5819444
528,埼玉県,110528,,泉水山・冨士谷遺跡,第46地区,第Ⅳ層・第Ⅴ層,35.80805556,139.5819444
529,埼玉県,110529,,泉水山・冨士谷遺跡,第47地区,第Ⅳ層下部,35.80805556,139.5819444
530,埼玉県,110530,,泉水山・冨士谷遺跡,第50地区,第Ⅳ層,35.80805556,139.5819444
531,埼玉県,110531,,泉水山・冨士谷遺跡,第53地区,第Ⅳ～第Ⅵ層,35.80805556,139.5819444
532,埼玉県,110532,,泉水山・冨士谷遺跡,第56地区,第Ⅳ層～第Ⅶ層,35.80805556,139.5819444
533,埼玉県,110533,,泉水山・冨士谷遺跡,第57地区,第Ⅳ層・第Ⅶ層,35.80805556,139.5819444
534,埼玉県,110534,,泉水山・冨士谷遺跡,第58地区,第Ⅳ層～第Ⅵ層,35.80805556,139.5819444
535,埼玉県,110535,,泉水山・冨士谷遺跡,第60地区,第Ⅳ層・第Ⅴ層,35.80805556,139.5819444
536,埼玉県,110536,,泉水山・冨士谷遺跡,第62地区,第Ⅳ層,35.80805556,139.5819444
537,埼玉県,110537,,泉水山・冨士谷遺跡,第63地区,第Ⅲ層,35.80805556,139.5819444
538,埼玉県,110538,,泉水山・冨士谷遺跡,第68地区,第Ⅲ･Ⅳ層,35.80805556,139.5819444
539,埼玉県,110539,,泉水山・冨士谷遺跡,第69地区,第Ⅲ～Ⅳ層,35.80805556,139.5819444
540,埼玉県,110540,,泉水山・冨士谷遺跡,第71地区,第Ⅲ～Ⅴ層,35.80805556,139.5819444
541,埼玉県,110541,,泉水山・冨士谷遺跡,第72地区,第Ⅶ～Ⅸ層,35.80805556,139.5819444
542,埼玉県,110542,,泉水山・冨士谷遺跡,第73地区,第Ⅲ～Ⅳ層,35.80805556,139.5819444
543,埼玉県,110543,,泉水山・冨士谷遺跡,第75地区,第Ⅲ層・第Ⅳ～Ⅴ層,35.80805556,139.5819444
544,埼玉県,110544,,泉水山・冨士谷遺跡,第78地区,第Ⅲ～Ⅳ層,35.80805556,139.5819444
545,埼玉県,110545,,諏訪原・中道遺跡,第１地点,第Ⅲ層,35.80583333,139.595
546,埼玉県,110546,,中野遺跡,第25地点,包含層,35.83388889,139.5719444
547,埼玉県,110547,,中野遺跡,第49地点,第Ⅳ層下部,35.83388889,139.5719444
548,埼玉県,110548,,西原大塚遺跡,第54地点,包含層,35.8225,139.5622222
549,埼玉県,110549,,西原大塚遺跡,第110地点,第Ⅲ～Ⅳ層,35.8225,139.5622222
550,埼玉県,110550,,城山遺跡,第42地点,第Ⅳ層上部,35.83194444,139.57
551,埼玉県,110551,,城山遺跡,第42地点,第Ⅶ層,35.83194444,139.57
552,埼玉県,110552,丸山台遺跡群,義名山遺跡,,第Ⅳ層,35.78638889,139.6158333
553,埼玉県,110553,,午王山遺跡,４次調査区,第Ⅲ層,35.79555556,139.6266667
554,埼玉県,110554,,午王山遺跡,６次調査区,第Ⅳ層,35.79555556,139.6266667
555,埼玉県,110555,,花ノ木遺跡,,第１文化層,35.79861111,139.6172222
556,埼玉県,110556,,花ノ木遺跡,,第２文化層,35.79861111,139.6172222
557,埼玉県,110557,,花ノ木遺跡,,第３文化層,35.79861111,139.6172222
558,埼玉県,110558,,仏ノ木遺跡,第２次調査区,第Ⅶ・Ⅸ層,35.79166667,139.6227778
559,埼玉県,110559,,市場上遺跡,第２次調査区,第Ⅳ上層,35.7875,139.6277778
560,埼玉県,110560,,柿ノ木坂遺跡,西区,第１文化層,35.79361111,139.615
561,埼玉県,110561,,柿ノ木坂遺跡,西区,第２文化層,35.79361111,139.615
562,埼玉県,110562,,柿ノ木坂遺跡,東区,第１文化層,35.79361111,139.615
563,埼玉県,110563,,柿ノ木坂遺跡,東区,第２文化層,35.79361111,139.615
564,埼玉県,110564,丸山台遺跡群,丸山台遺跡,,第Ⅲ下・Ⅳ・Ⅳ下層,35.78583333,139.6141667
565,埼玉県,110565,,丸山台遺跡,,,35.78583333,139.6141667
566,埼玉県,110566,,水久保遺跡,,第Ⅳ下層,35.79027778,139.6163889
567,埼玉県,110567,,白子宿上遺跡,第４次調査区,第Ⅵ層・Ⅸ層,35.78,139.6211111
568,埼玉県,110568,,白子宿上遺跡,,表採,35.78,139.6211111
569,埼玉県,110569,,城山南遺跡,第１次調査区,第Ⅳ・Ⅴ層,35.785,139.6155556
570,埼玉県,110570,,城山南遺跡,第３次調査区,第Ⅴ層,35.785,139.6155556
571,埼玉県,110571,,四ツ木遺跡遺跡,第３次調査区,第Ⅳ層,35.77361111,139.6252778
572,埼玉県,110572,,道場遺跡,AE04区,第Ⅲ・Ⅳ・Ⅴ層,35.77111111,139.5616667
573,埼玉県,110573,,八石遺跡,,包含層,35.76638889,139.5583333
574,埼玉県,110574,,市場坂遺跡,,第Ⅳ層,35.78083333,139.5794444
575,埼玉県,110575,,市場坂遺跡,Ａ地区第1地点,第Ⅲ・Ⅳ・Ⅴ・Ⅶ・Ⅸ層,35.78083333,139.5794444
576,埼玉県,110576,,一両山遺跡,,包含層,35.7575,139.5458333
577,埼玉県,110577,,池田遺跡,Ａ地点,第Ⅲ層,35.77166667,139.5730556
578,埼玉県,110578,,池田遺跡,Ｂ地点,第Ⅲ(細石刃)・Ⅳ層(Ⅳ下段階),35.77166667,139.5730556
579,埼玉県,110579,,嵯峨山遺跡,５地点,第Ⅲ層,35.77555556,139.5597222
580,埼玉県,110580,,嵯峨山遺跡,３地点,第Ⅲ・Ⅳ層,35.77555556,139.5597222
581,埼玉県,110581,,嵯峨山遺跡,６地点,包含層,35.77555556,139.5597222
582,埼玉県,110582,,澤遺跡,,表採,35.77416667,139.5744444
583,埼玉県,110583,,新開遺跡,,第Ⅳ層,35.81361111,139.5577778
584,埼玉県,110584,,新開遺跡,第3地点,第Ⅲ・Ⅳ・Ⅴ・Ⅶ・Ⅸ層,35.81361111,139.5577778
585,埼玉県,110585,,本村遺跡,,,36.02055556,139.5844444
586,埼玉県,110586,,楽上遺跡,,,35.98472222,139.5338889
587,埼玉県,110587,,砂ヶ谷戸Ⅰ遺跡,,,35.99083333,139.5358333
588,埼玉県,110588,,砂ヶ谷戸Ⅱ遺跡,,,35.98666667,139.5344444
589,埼玉県,110589,,滝の宮坂遺跡,,,35.99416667,139.5413889
590,埼玉県,110590,,殿山南遺跡,,,36.00555556,139.5444444
591,埼玉県,110591,,足利遺跡,,,36.07333333,139.6686111
592,埼玉県,110592,,道合中道遺跡,第２次発掘調査,,36.07305556,139.6663889
593,埼玉県,110593,,高輪寺遺跡,,ソフトローム,36.06527778,139.6883333
594,埼玉県,110594,,エイリンジ遺跡,,第Ⅲ～Ⅳ層,36.02416667,139.5333333
595,埼玉県,110595,,下宿遺跡,第３次調査,第Ⅶ層,36.00722222,139.5025
596,埼玉県,110596,,諏訪山南遺跡,,,36.01027778,139.5144444
597,埼玉県,110597,,提灯木山遺跡,,第１文化層,36.01472222,139.5544444
598,埼玉県,110598,,提灯木山遺跡,,第2文化層,36.01472222,139.5544444
599,埼玉県,110599,,提灯木山遺跡,,第3文化層,36.01472222,139.5544444
600,埼玉県,110600,,提灯木山遺跡,第２次調査,第１文化層,36.01472222,139.5544444
601,埼玉県,110601,,提灯木山遺跡,第２次調査,第２文化層,36.01472222,139.5544444
602,埼玉県,110602,,八重塚遺跡,Ｂ区,Ⅴ層(ハードローム）,36.01,139.5136111
603,埼玉県,110603,,外記塚遺跡,,Ⅸ層,35.86111111,139.5258333
604,埼玉県,110604,,外記塚遺跡,,Ⅳ下層,35.86111111,139.5258333
605,埼玉県,110605,,権平沢遺跡,第１地点,第Ⅵ層,35.84388889,139.5388889
606,埼玉県,110606,,八ケ上遺跡,,Ⅳ層,35.84138889,139.5444444
607,埼玉県,110607,,羽沢遺跡,第35地点,Ⅵ層,35.85916667,139.5402778
608,埼玉県,110608,,羽沢遺跡,第23地点,Ⅲ層,35.85916667,139.5402778
609,埼玉県,110609,,東台遺跡,第9地点,Ⅳ下層,35.83888889,139.5619444
610,埼玉県,110610,,氷川前遺跡,第5地点,Ⅳ上層,35.89611111,139.5597222
611,埼玉県,110611,,本目遺跡,第4地点,Ⅳ下層,35.84,139.5402778
612,埼玉県,110612,,貝塚山遺跡,第2地点,Ⅲ層,35.86472222,139.5397222
613,埼玉県,110613,,貝塚山遺跡,第2地点,Ⅲ下～Ⅳ層,35.86472222,139.5397222
614,埼玉県,110614,,貝塚山遺跡,第2地点,Ⅶ層,35.86472222,139.5397222
615,埼玉県,110615,,貝塚山遺跡,第3地点,Ⅵ層,35.86472222,139.5397222
616,埼玉県,110616,,上沢遺跡,第10地点,Ⅳ層,35.85194444,139.5302778
617,埼玉県,110617,,北通遺跡,6-22B地点,Ⅳ層,35.8325,139.5544444
618,埼玉県,110618,,北通遺跡,6-24地点,Ⅳ層,35.8325,139.5544444
619,埼玉県,110619,,北通遺跡,北B地点,Ⅳ層,35.8325,139.5544444
620,埼玉県,110620,,北通遺跡,北B地点,Ⅴ～Ⅵ層,35.8325,139.5544444
621,埼玉県,110621,,北通遺跡,第26地点,Ⅵ層,35.8325,139.5544444
622,埼玉県,110622,,栗谷ツ遺跡,第15地点,Ⅵ層,35.83527778,139.5538889
623,埼玉県,110623,,栗谷ツ遺跡,第16地点,Ⅵ層,35.83527778,139.5538889
624,埼玉県,110624,,栗谷ツ遺跡,西松原第1地点,Ⅵ層,35.83527778,139.5538889
625,埼玉県,110625,,黒貝戸遺跡,第8地点,Ⅶ層,35.85277778,139.5477778
626,埼玉県,110626,,松ノ木遺跡,唐沢地点,Ⅲ層,35.83722222,139.5477778
627,埼玉県,110627,,松ノ木遺跡,唐沢地点,Ⅳ層,35.83722222,139.5477778
628,埼玉県,110628,,松ノ木遺跡,第1地点,Ⅲ下層,35.83722222,139.5477778
629,埼玉県,110629,,松ノ木遺跡,第1地点,Ⅶ層,35.83722222,139.5477778
630,埼玉県,110630,,松ノ木遺跡,第2地点,Ⅲ層,35.83722222,139.5477778
631,埼玉県,110631,,松ノ木遺跡,第2地点,Ⅵ層,35.83722222,139.5477778
632,埼玉県,110632,,松ノ木遺跡,第19地点,Ⅵ層,35.83722222,139.5477778
633,埼玉県,110633,,松ノ木遺跡,第30地点,,35.83722222,139.5477778
634,埼玉県,110634,,南通遺跡,第3地点,,35.82861111,139.5513889
635,埼玉県,110635,,宮廻遺跡,第25地点,Ⅳ下層,35.86638889,139.5405556
636,埼玉県,110636,,中沢遺跡,,Ⅲ下層,35.85944444,139.5225
637,埼玉県,110637,,中沢遺跡,,Ⅳ下層,35.85944444,139.5225
638,埼玉県,110638,,中沢遺跡,第10地点,Ⅹ層,35.85944444,139.5225
639,埼玉県,110639,,西渡戸遺跡,第３地点,Ⅵ層,35.85583333,139.5327778
640,埼玉県,110640,,西渡戸遺跡,第４地点,Ⅵ層,35.85583333,139.5327778
641,埼玉県,110641,,西ノ原遺跡,6-9区,Ⅳ下層,35.85666667,139.5172222
642,埼玉県,110642,,打越遺跡,第２地点,Ⅳ上層,35.845,139.5494444
643,埼玉県,110643,,打越遺跡,第３地点,Ⅴ層,35.845,139.5494444
644,埼玉県,110644,,打越遺跡,第４地点,Ⅶ層,35.845,139.5494444
645,埼玉県,110645,,打越遺跡,第５地点,Ⅳ下層,35.845,139.5494444
646,埼玉県,110646,,打越遺跡,第６地点,Ⅲ層,35.845,139.5494444
647,埼玉県,110647,,打越遺跡,LA区,Ⅸ層,35.845,139.5494444
648,埼玉県,110648,,打越遺跡,KA区,Ⅶ層,35.845,139.5494444
649,埼玉県,110649,,打越遺跡,LB区,Ⅶ層,35.845,139.5494444
650,埼玉県,110650,,打越遺跡,NA区,Ⅶ層,35.845,139.5494444
651,埼玉県,110651,,打越遺跡,NA区,Ⅲ層,35.845,139.5494444
652,埼玉県,110652,,打越遺跡,LC区,Ⅲ層,35.845,139.5494444
653,埼玉県,110653,,打越遺跡,LC区,Ⅳ下層,35.845,139.5494444
654,埼玉県,110654,,打越遺跡,MA区,Ⅳ下層,35.845,139.5494444
655,埼玉県,110655,,打越遺跡,KB区,Ⅳ層,35.845,139.5494444
656,埼玉県,110656,,打越遺跡,KB区,Ⅶ層,35.845,139.5494444
657,埼玉県,110657,,打越遺跡,KC区,Ⅶ層,35.845,139.5494444
658,埼玉県,110658,,宿遺跡,第１地点,Ⅳ上層,35.85277778,139.5519444
659,埼玉県,110659,,山室遺跡,第２地点,Ⅳ下層,35.85777778,139.5441667
660,埼玉県,110660,,山室遺跡,第２地点,Ⅵ層,35.85777778,139.5441667
661,埼玉県,110661,,山室遺跡,第１地点,Ⅳ層,35.85777778,139.5441667
662,埼玉県,110662,,谷津遺跡,水鶴Ａ区,Ⅵ層,35.8525,139.5422222
663,埼玉県,110663,,谷津遺跡,HG-B区,Ⅹ層,35.8525,139.5422222
664,埼玉県,110664,,谷津遺跡,第９地点,Ⅶ・Ⅸ層,35.8525,139.5422222
665,埼玉県,110665,,谷津遺跡,第９地点,Ⅵ層,35.8525,139.5422222
666,埼玉県,110666,,荒川附遺跡,第７地点,,35.98888889,139.6530556
667,埼玉県,110667,,荒川附遺跡,第６次調査,,35.98888889,139.6530556
668,埼玉県,110668,,帆立山遺跡,,,35.97638889,139.6619444
669,埼玉県,110669,,帆立遺跡,,グリッド,35.97833333,139.6608333
670,埼玉県,110670,,黒浜拾九町遺跡,第1・２次調査,,36.0075,139.6630556
671,埼玉県,110671,,岡手山遺跡,,,35.99305556,139.6719444
672,埼玉県,110672,,ささら遺跡,,グリッド,35.98111111,139.6586111
673,埼玉県,110673,,天神前遺跡,第19地点,ローム層最上部,35.98222222,139.6694444
674,埼玉県,110674,,天神前遺跡,Ⅰ区,,35.98222222,139.6694444
675,埼玉県,110675,,閏戸足利遺跡,,,36.00638889,139.6441667
676,埼玉県,110676,,閏戸吹上遺跡,第２調査地点,,36.00444444,139.6388889
677,埼玉県,110677,,番匠・下道遺跡,,,35.96361111,139.44
678,埼玉県,110678,,柊遺跡,４区,グリッド,35.97111111,139.4119444
679,埼玉県,110679,,御新田遺跡,,,36.14944444,139.4161111
680,埼玉県,110680,,若葉台遺跡,,第Ⅲ層,35.95333333,139.41
681,埼玉県,110681,,青棚遺跡,,,35.92,139.3877778
682,埼玉県,110682,,富士見一丁目遺跡,,第Ⅲ・Ⅳ層,35.94833333,139.4113889
683,埼玉県,110683,,泉橋遺跡,第１次調査区,第Ⅲ・Ⅳ層,35.93277778,139.3980556
684,埼玉県,110684,,地慶沼遺跡,,第Ⅲ・Ⅳ層,35.91916667,139.4030556
685,埼玉県,110685,,向山遺跡,,,35.92333333,139.3908333
686,埼玉県,110686,,新右衛門遺跡,２次調査Ａ地点,包含層,35.92861111,139.3766667
687,埼玉県,110687,,新山遺跡,,,35.91583333,139.3866667
688,埼玉県,110688,,鶴ヶ島中学西遺跡,第１次調査区,包含層,35.93611111,139.3863889
689,埼玉県,110689,,鶴ヶ島中学西遺跡,第２次調査区,包含層,35.93611111,139.3863889
690,埼玉県,110690,,鶴ヶ島中学西遺跡,第３次調査区,表採,35.93611111,139.3863889
691,埼玉県,110691,,鶴ヶ丘遺跡,Ｅ区,第Ⅱ層/ソフトローム,35.925,139.4191667
692,埼玉県,110692,,鶴ヶ丘遺跡,Ｃ区,,35.92305556,139.4152778
693,埼玉県,110693,,後Ｂ遺跡,,,35.93138889,139.3983333
694,埼玉県,110694,,柳戸遺跡,,,35.92722222,139.395
695,埼玉県,110695,,横田遺跡,,,35.92444444,139.3919444
696,埼玉県,110696,,宮ノ後遺跡,,,35.89194444,139.3363889
697,埼玉県,110697,,向原遺跡,,,35.92305556,139.3905556
698,埼玉県,110698,,向山遺跡,,,35.88055556,139.3819444
699,埼玉県,110699,,下向山遺跡,,第1期,35.88305556,139.3855556
700,埼玉県,110700,,下向山遺跡,,第2期,35.88305556,139.3855556
701,埼玉県,110701,,下向山遺跡,,第3期,35.88305556,139.3855556
702,埼玉県,110702,,宿東遺跡,,,35.90277778,139.3783333
703,埼玉県,110703,,江川南遺跡,第11地点,第Ⅳ層下部～第Ⅴ層,35.86305556,139.5111111
704,埼玉県,110704,,東台遺跡,33地点,,35.84694444,139.5266667
705,埼玉県,110705,,本村遺跡,17地点,第1文化層,35.85361111,139.5222222
706,埼玉県,110706,,本村遺跡,17地点,第2文化層,35.85361111,139.5222222
707,埼玉県,110707,,本村遺跡,17地点,第3文化層,35.85361111,139.5222222
708,埼玉県,110708,,本村遺跡,99地点,第Ⅳ層上面,35.85361111,139.5222222
709,埼玉県,110709,,亀居遺跡,44地点,,35.86305556,139.5102778
710,埼玉県,110710,,中沢前遺跡,,,35.91583333,139.6558333
711,埼玉県,110711,,西ノ原遺跡,113地点,,35.8525,139.5255556
712,埼玉県,110712,,伊奈氏屋敷跡,,,35.97666667,139.6241667
713,埼玉県,110713,,北遺跡,,,36.00527778,139.6111111
714,埼玉県,110714,,小室天神前遺跡,Ａ区,,35.98777778,139.6147222
715,埼玉県,110715,,久保山遺跡,,,35.99166667,139.6322222
716,埼玉県,110716,,向原遺跡,,,36.0175,139.5952778
717,埼玉県,110717,,向原遺跡,第３次,,36.0175,139.5952778
718,埼玉県,110718,,向原遺跡,第10次,,36.0175,139.5952778
719,埼玉県,110719,,大山遺跡,昭和63年調査地点,,35.98277778,139.6188889
720,埼玉県,110720,,浅間遺跡,,,35.97722222,139.5986111
721,埼玉県,110721,,戸崎前遺跡,第１次調査,,36.01805556,139.6086111
722,埼玉県,110722,,戸崎前遺跡,第３次調査,,36.01805556,139.6086111
723,埼玉県,110723,,戸崎前遺跡,第６次調査,,36.01805556,139.6086111
724,埼玉県,110724,,薬師堂根遺跡,,,36.01944444,139.6008333
725,埼玉県,110725,,浅間後遺跡,Ｂ地点,,35.845,139.5297222
726,埼玉県,110726,,藤久保東遺跡,,,35.8375,139.5288889
727,埼玉県,110727,,藤久保東第二遺跡,,,35.83583333,139.5319444
728,埼玉県,110728,,藤久保東第三遺跡,,第Ⅶ～Ⅹ層,35.83805556,139.5330556
729,埼玉県,110729,,古井戸山遺跡,,,35.82111111,139.5472222
730,埼玉県,110730,,俣埜遺跡,Ｃ地点,４～５層,35.83583333,139.5341667
731,埼玉県,110731,,南新埜遺跡,Ａ地点,,35.82888889,139.5277778
732,埼玉県,110732,,南止遺跡,Ｃ地点,,35.81638889,139.5061111
733,埼玉県,110733,,南止遺跡,Ｄ地点,,35.81638889,139.5061111
734,埼玉県,110734,,南止遺跡,Ｅ地点,,35.81638889,139.5061111
735,埼玉県,110735,,南止遺跡,Ｆ地点,,35.81638889,139.5061111
736,埼玉県,110736,,三芳唐沢遺跡,,,35.83361111,139.5416667
737,埼玉県,110737,,中東遺跡,,第Ⅵ文化層,35.83222222,139.5055556
738,埼玉県,110738,,中東遺跡,,第Ⅶ文化層,35.83222222,139.5055556
739,埼玉県,110739,,新開遺跡,,４層,35.83055556,139.5436111
740,埼玉県,110740,,伴六遺跡,,包含層,35.94472222,139.3191667
741,埼玉県,110741,,東本遺跡,,表採,35.95027778,139.3225
742,埼玉県,110742,,城原北遺跡,,,36.06138889,139.385
743,埼玉県,110743,滑川嵐山ゴルフコース内遺跡群,二ツ沼南遺跡,,包含層,36.06666667,139.3377778
744,埼玉県,110744,滑川嵐山ゴルフコース内遺跡群,蟹沢遺跡,,包含層,36.05972222,139.3413889
745,埼玉県,110745,,中丸遺跡,,,36.045,139.3447222
746,埼玉県,110746,,西荒井遺跡,,,36.05055556,139.3441667
747,埼玉県,110747,,西の谷遺跡,,,36.09083333,139.3758333
748,埼玉県,110748,,大谷遺跡,,,36.05972222,139.3569444
749,埼玉県,110749,,大堀遺跡,,,36.03916667,139.3538889
750,埼玉県,110750,,築地前遺跡,,,36.04361111,139.355
751,埼玉県,110751,,打越遺跡,,,36.0575,139.3736111
752,埼玉県,110752,滑川嵐山ゴルフコース内遺跡群,用土庵Ｂ遺跡,,包含層,36.06111111,139.3411111
753,埼玉県,110753,,行司免遺跡,,包含層,36.02972222,139.3258333
754,埼玉県,110754,,志賀向原,,,36.05,139.3297222
755,埼玉県,110755,,尺尻遺跡,,包含層,36.07472222,139.3252778
756,埼玉県,110756,,大平遺跡,,包含層,36.03722222,139.2536111
757,埼玉県,110757,,篩新田遺跡,,包含層,36.01444444,139.3147222
758,埼玉県,110758,,吉丸遺跡,,包含層,36.08027778,139.11
759,埼玉県,110759,,渡辺富蔵氏宅地内,,,36.02055556,139.1758333
760,埼玉県,110760,甘粕山遺跡群,東山遺跡,,ソフトローム,36.16972222,139.1930556
761,埼玉県,110761,,広木上宿遺跡,,包含層,36.1725,139.1558333
762,埼玉県,110762,,西山遺跡,,ソフトローム,36.1575,139.1880556
763,埼玉県,110763,甘粕山遺跡群,如来堂Ｂ遺跡,,包含層,36.17166667,139.1922222
764,埼玉県,110764,甘粕山遺跡群,如来堂Ａ遺跡,,包含層,36.17111111,139.1905556
765,埼玉県,110765,青柳古墳群,南塚原枝群,,包含層,36.20388889,139.0902778
766,埼玉県,110766,,赤浜牛無具利遺跡,,ソフトローム,36.10916667,139.265
767,埼玉県,110767,,稲荷窪遺跡,,ハードローム,36.10361111,139.2641667
768,埼玉県,110768,,南大塚遺跡,,,36.10555556,139.1805556
769,埼玉県,110769,,鶴巻遺跡,,ソフトローム,36.11638889,139.2625
770,埼玉県,110770,,薬師台遺跡,,,36.1075,139.2030556
771,埼玉県,110771,,末野遺跡,Ｃ区,,36.12527778,139.1641667
772,埼玉県,110772,,萩原遺跡,,,36.10444444,139.5811111
773,埼玉県,110773,,上前遺跡,,,36.0975,139.5913889
774,埼玉県,110774,,前遺跡,,,36.1,139.5875
775,埼玉県,110775,,道上遺跡,,,36.10444444,139.5847222
776,埼玉県,110776,,道下遺跡,,,36.10166667,139.5894444
777,埼玉県,110777,,長宮北遺跡,,,36.10666667,139.5541667
778,埼玉県,110778,,中宿遺跡,,,36.10277778,139.5855556
779,埼玉県,110779,,中宿遺跡,,,36.10277778,139.5855556
780,埼玉県,110780,,下崎中郷遺跡,,,36.10305556,139.5622222
781,埼玉県,110781,,修理山遺跡,,,36.10416667,139.5752778
782,埼玉県,110782,,金原遺跡,,,36.00444444,139.7169444
783,埼玉県,110783,,国納丸屋遺跡,,,36.03888889,139.6986111
784,埼玉県,110784,,前原遺跡,,,36.00444444,139.7222222
785,埼玉県,110785,,前原遺跡,,砂川,36.00444444,139.7222222
786,埼玉県,110786,,前原遺跡,,Ⅳ下,36.00444444,139.7222222
787,埼玉県,110787,,中遺跡,,,36.00333333,139.7216667
788,埼玉県,110788,,西粂原遺跡,,,36.03083333,139.6905556
789,埼玉県,110789,,逆井遺跡,第２地点,ソフトローム,36.01388889,139.7069444
790,埼玉県,110790,,逆井遺跡,第５地点,ソフトローム,36.01388889,139.7069444
791,埼玉県,110791,,山崎北遺跡,,,36.01777778,139.7152778
792,埼玉県,110792,,山崎山遺跡,,,36.01611111,139.7108333
793,埼玉県,110793,,地蔵院遺跡,,,36.00888889,139.7261111
794,埼玉県,110794,,入耕地遺跡,,,36.01833333,139.6572222
795,埼玉県,110795,,タタラ山遺跡,,,36.01055556,139.6558333
796,埼玉県,110796,,山遺跡,,,36.0125,139.6580556
797,埼玉県,110797,,神ノ木２遺跡,,第Ⅴ層,36.04388889,139.6058333
798,埼玉県,110798,,九宮１遺跡,,,36.05083333,139.6327778
799,埼玉県,110799,,九宮２遺跡,,,36.04944444,139.6294444
800,埼玉県,110800,,鷲巣前原遺跡,,,36.0425,139.7980556
801,埼玉県,110801,,木津内貝塚,,,36.05527778,139.7905556
2871,神奈川県,140001,,西原遺跡,,,35.515,139.4808333
2872,神奈川県,140002,,西原遺跡,,相模野第Ⅴ期,35.50777778,139.4816667
2873,神奈川県,140003,長津田遺跡群,住撰遺跡,,,35.52583333,139.5
2874,神奈川県,140004,長津田遺跡群,玄海田遺跡,,,35.5225,139.4972222
2875,神奈川県,140005,長津田遺跡群,玄海田南遺跡,,,35.5225,139.4972222
2876,神奈川県,140006,長津田遺跡群,宮之前遺跡,,,35.52388889,139.4947222
2877,神奈川県,140007,長津田遺跡群,宮之前遺跡,,B0,35.52388889,139.4947222
2878,神奈川県,140008,長津田遺跡群,宮之前南遺跡,,,35.52138889,139.4930556
2879,神奈川県,140009,長津田遺跡群,宮之前南遺跡,,,35.52138889,139.4930556
2880,神奈川県,140010,奈良町地区遺跡群,受地だいやま遺跡,,,35.55194444,139.4872222
2881,神奈川県,140011,,亀谷狐穴遺跡,亀谷地区,,0,0
2882,神奈川県,140012,,百崩遺跡,,,35.56416667,139.5716667
2883,神奈川県,140013,,能見堂遺跡,,,35.51555556,139.5547222
2884,神奈川県,140014,,能見堂遺跡,,,35.51555556,139.5547222
2885,神奈川県,140015,,花見山遺跡,,L1H,35.53861111,139.5541667
2886,神奈川県,140016,,花見山遺跡,,,35.53861111,139.5541667
2887,神奈川県,140017,,向原遺跡,,L1S上面,35.53472222,139.5777778
2888,神奈川県,140018,,三ノ丸遺跡,Ａ・Ｂ区,,35.53444444,139.5591667
2889,神奈川県,140019,,三ノ丸遺跡,Ｅ区,L1HU,35.53444444,139.5591667
2890,神奈川県,140020,,川端向遺跡,,,0,0
2891,神奈川県,140021,霧ヶ丘遺跡群,霧ヶ丘遺跡,第１地区,,35.52305556,139.4972222
2892,神奈川県,140022,霧ヶ丘遺跡群,霧ヶ丘遺跡,第２地区,,35.52305556,139.4972222
2893,神奈川県,140023,霧ヶ丘遺跡群,霧ヶ丘遺跡,第３地区,,35.52305556,139.4972222
2894,神奈川県,140024,霧ヶ丘遺跡群,霧ヶ丘遺跡,第４地区,,35.52305556,139.4972222
2895,神奈川県,140025,霧ヶ丘遺跡群,霧ヶ丘遺跡,第３－４地区,,35.52305556,139.4972222
2896,神奈川県,140026,霧ヶ丘遺跡群,霧ヶ丘遺跡,第６地区,ソフトローム,35.52305556,139.4972222
2897,神奈川県,140027,霧ヶ丘遺跡群,霧ヶ丘遺跡,第７地区,ソフトローム,35.52305556,139.4972222
2898,神奈川県,140028,,東希望ヶ丘遺跡,,,35.46694444,139.5108333
2899,神奈川県,140029,,西八朔町遺跡,8,,35.52194444,139.5402778
2900,神奈川県,140030,,西ノ谷貝塚遺跡,,,35.55444444,139.5897222
2901,神奈川県,140031,,七ッ塚遺跡,,,35.54083333,139.5983333
2902,神奈川県,140032,殿屋敷遺跡群,殿屋敷遺跡,Ｃ地区,,35.41388889,139.5636111
2903,神奈川県,140033,,東方第７遺跡,,,35.54916667,139.5913889
2904,神奈川県,140034,,東方第13遺跡,,,35.54666667,139.5886111
2905,神奈川県,140035,,細田遺跡,,,35.39138889,139.5175
2906,神奈川県,140036,,西田遺跡,,,35.43166667,139.5261111
2907,神奈川県,140037,,けんか山遺跡,,L1HM,35.53722222,139.5483333
2908,神奈川県,140038,,新羽大竹遺跡,,,35.52305556,139.4972222
2909,神奈川県,140039,,四枚畑遺跡,,L1HU～B1,35.52805556,139.5597222
2910,神奈川県,140040,,二ノ丸遺跡,,B1直上,35.51888889,139.5708333
2911,神奈川県,140041,,北川表の上遺跡,,L1HU/L1HL～B1,35.54972222,139.61
2912,神奈川県,140042,,北川貝塚遺跡,,L1HM/B2U,35.55111111,139.6033333
2913,神奈川県,140043,,川和向原遺跡,,L1HU～B1,35.52805556,139.5597222
2914,神奈川県,140044,,石原遺跡,,,35.51972222,139.5825
2915,神奈川県,140045,,新田遺跡,,,35.52222222,139.5961111
2916,神奈川県,140046,,上の山遺跡,,,35.52111111,139.6016667
2917,神奈川県,140047,,大棚杉山神社遺跡,,,35.55027778,139.5775
2918,神奈川県,140048,,相模野No.120遺跡,,B2U,35.41833333,139.48
2919,神奈川県,140049,,相模野No.133遺跡,,ローム層,35.385,139.5008333
2920,神奈川県,140050,,相模野No.134遺跡,,表土/L1H,35.39027778,139.5086111
2921,神奈川県,140051,,相模野No.135遺跡,,L2/B2,35.39861111,139.4847222
2922,神奈川県,140052,,相模野No.136遺跡,,L1SU,35.43083333,139.4911111
2923,神奈川県,140053,,相模野No.165遺跡,,,35.54805556,139.5411111
2924,神奈川県,140054,,相模野No.166遺跡,,,35.39416667,139.5191667
2925,神奈川県,140055,,相模野No.167遺跡,,B2,0,0
2926,神奈川県,140056,,相模野No.174遺跡,,ローム層,35.36083333,139.49
2927,神奈川県,140057,,矢指谷遺跡,Ｂ地区,第Ⅰ文化層,35.47722222,139.5027778
2928,神奈川県,140058,,矢指谷遺跡,Ｂ地区,第Ⅱ文化層,35.47722222,139.5027778
2929,神奈川県,140059,,矢指谷遺跡,Ｂ地区,第Ⅲ文化層,35.47722222,139.5027778
2930,神奈川県,140060,,明神台遺跡,,B3U,35.4575,139.5891667
2931,神奈川県,140061,,南原遺跡,,B2L,35.47166667,139.5641667
2932,神奈川県,140062,,本郷（相模野No.122）遺跡,,ローム層,35.47888889,139.4797222
2933,神奈川県,140063,,篠原大原遺跡,,B2L,35.37805556,139.4219444
2934,神奈川県,140064,,西ノ谷遺跡,,,35.55361111,139.5886111
2935,神奈川県,140065,,稲ヶ原遺跡,Ａ地点,,35.52222222,139.5188889
2936,神奈川県,140066,,羽沢大道遺跡,,,35.48861111,139.5886111
2937,神奈川県,140067,上品濃遺跡群,上品濃遺跡,,,35.43361111,139.5527778
2938,神奈川県,140068,,畳屋の上遺跡,,B2U,35.54277778,139.6036111
2939,神奈川県,140069,,西谷戸の上遺跡,,,35.54527778,139.6036111
2940,神奈川県,140070,,北川貝塚南遺跡,,L1HL/B1～L2U,35.54666667,139.6027778
2941,神奈川県,140071,,三保天神前遺跡,,相模野第Ⅳ期後半/第Ⅴ期,35.51777778,139.5255556
2942,神奈川県,140072,,宮沢遺跡,,,35.46083333,139.5344444
2943,神奈川県,140073,,井田伊勢台遺跡,,,35.56888889,139.5141667
2944,神奈川県,140074,,五力田遺跡,第１地区,,35.60833333,139.485
2945,神奈川県,140075,,五力田遺跡,第３地区,漸移層L/表土,35.60666667,139.4875
2946,神奈川県,140076,,新作池ノ谷遺跡,,,35.585,139.6102778
2947,神奈川県,140077,,下原遺跡,,,35.6075,139.5844444
2948,神奈川県,140078,,長尾台北遺跡,,,35.60861111,139.5802778
2949,神奈川県,140079,,下作延神明神社東遺跡,,ソフトローム層面,35.59944444,139.6038889
2950,神奈川県,140080,,菅生遺跡,,,35.59833333,139.5525
2951,神奈川県,140081,,緑ヶ丘霊園内遺跡,第２地点,相模野第Ⅳ期,35.6075,139.5883333
2952,神奈川県,140082,,緑ヶ丘霊園内遺跡,第２地点,,35.6075,139.5883333
2953,神奈川県,140083,,野川西耕地遺跡,,,0,0
2954,神奈川県,140084,,野川西耕地遺跡,,旧石器／縄文,35.57416667,139.5986111
2955,神奈川県,140085,,柳町遺跡,,,0,0
2956,神奈川県,140086,,神木遺跡,,,35.59305556,139.5811111
2957,神奈川県,140087,,十三菩提遺跡,,,35.57222222,139.6088889
2958,神奈川県,140088,,菅生水沢遺跡,Ｄ地点,漸移～L1S上面,35.59111111,139.5491667
2959,神奈川県,140089,,平遺跡,,,35.60555556,139.5697222
2960,神奈川県,140090,,新作小高台遺跡,,,35.5875,139.6111111
2961,神奈川県,140091,,梶ヶ谷東耕地遺跡,,,35.58361111,139.6108333
2962,神奈川県,140092,,子母口貝塚,Ａ貝塚,,35.57138889,139.6283333
2963,神奈川県,140093,,子母口貝塚,,,35.57138889,139.6283333
2964,神奈川県,140094,,上作延南原遺跡,,,35.59694444,139.5891667
2965,神奈川県,140095,,末長久保台遺跡,,,35.59361111,139.61
2966,神奈川県,140096,,末長中原遺跡,,,35.58861111,139.6130556
2967,神奈川県,140097,,栗谷遺跡,,ソフトローム最上部,35.6125,139.5386111
2968,神奈川県,140098,,菅フルーツパーク遺跡,,,35.52722222,139.5227778
2969,神奈川県,140099,,生田広福寺境内遺跡,,,35.61444444,139.5591667
2970,神奈川県,140100,,黒川若葉台駅遺跡,,,35.61916667,139.4725
2971,神奈川県,140101,黒川地区遺跡群,黒川地区遺跡群No.11遺跡,,,35.61611111,139.4602778
2972,神奈川県,140102,黒川地区遺跡群,黒川地区遺跡群No.15遺跡,,黒色土上層/ローム層直上,35.61972222,139.4613889
2973,神奈川県,140103,黒川地区遺跡群,黒川地区遺跡群No.16遺跡,,,35.61888889,139.4633333
2974,神奈川県,140104,黒川地区遺跡群,黒川地区遺跡群No.17遺跡,,暗黄褐色土層,35.61888889,139.4611111
2975,神奈川県,140105,黒川地区遺跡群,黒川地区遺跡群No.20遺跡,,黒褐色・暗褐色・暗灰褐色土,35.61861111,139.4586111
2976,神奈川県,140106,黒川地区遺跡群,宮添遺跡,,,35.61666667,139.4688889
2977,神奈川県,140107,,黒川東遺跡,,,35.61694444,139.4758333
2978,神奈川県,140108,,黒川東遺跡,,,35.61694444,139.4758333
2979,神奈川県,140109,,黒川海道遺跡,,,35.61694444,139.4561111
2980,神奈川県,140110,,栗木Ⅳ遺跡,,,35.61333333,139.4761111
2981,神奈川県,140111,,白根遺跡,,,0,0
2982,神奈川県,140112,,鷲ヶ峰遺跡,第１地点,ソフトローム層,35.59666667,139.5394444
2983,神奈川県,140113,,鷲ヶ峰遺跡,第２地点,第Ⅰ文化層,35.59611111,139.5402778
2984,神奈川県,140114,,鷲ヶ峰遺跡,第２地点,第Ⅱ文化層,35.59611111,139.5402778
2985,神奈川県,140115,,岡上丸山遺跡,,,35.57888889,139.4830556
2986,神奈川県,140116,,金程向原遺跡,第Ⅱ地点,,35.61222222,139.4983333
2987,神奈川県,140117,,金程向原遺跡,第Ⅲ地点,,35.61055556,139.4983333
2988,神奈川県,140118,,三荷座前遺跡,第１地点,,35.58,139.6166667
2989,神奈川県,140119,,井田中原遺跡,Ｂ地点,漸移～L1S,35.58083333,139.5641667
2990,神奈川県,140120,万福寺遺跡群,万福寺遺跡群No.１遺跡,,,35.60833333,139.51
2991,神奈川県,140121,万福寺遺跡群,万福寺遺跡群No.２遺跡,,,35.60833333,139.5083333
2992,神奈川県,140122,万福寺遺跡群,万福寺遺跡群No.４遺跡,,,35.60611111,139.5038889
2993,神奈川県,140123,,早野上ノ原遺跡,,B4U,35.56888889,139.5141667
2994,神奈川県,140124,,大塚東遺跡,A地区,,35.22444444,139.6780556
2995,神奈川県,140125,,大塚東遺跡,B地区,,35.22416667,139.6780556
2996,神奈川県,140126,,大塚東遺跡,C地区,,35.22416667,139.6941667
2997,神奈川県,140127,,打木原遺跡,南地区,縄文,35.19361111,139.6111111
2998,神奈川県,140128,,打木原遺跡,南地区,長井台地Ⅰ層,35.19361111,139.6111111
2999,神奈川県,140129,,打木原遺跡,北地区,長井台地Ⅴa層 姶良Ｔｎ火山灰降灰以前,35.19416667,139.6122222
3000,神奈川県,140130,,打木原遺跡,北地区,長井台地Ⅴc層,35.19416667,139.6122222
3001,神奈川県,140131,佐島の丘遺跡群,高原北遺跡,A地区,,35.23027778,139.615
3002,神奈川県,140132,佐島の丘遺跡群,唐池遺跡,,第Ⅰ文化層,35.23055556,139.6155556
3003,神奈川県,140133,佐島の丘遺跡群,一本松遺跡,北A地区,,35.23,139.6130556
3004,神奈川県,140134,佐島の丘遺跡群,一本松遺跡,南A地区,,35.22861111,139.6113889
3005,神奈川県,140135,佐島の丘遺跡群,一本松遺跡,南A地区,縄文,35.22861111,139.6113889
3006,神奈川県,140136,,打木原遺跡,第2地点,,35.19361111,139.6111111
3007,神奈川県,140137,長井台地遺跡群,長浜ノ上遺跡,,6層,35.19416667,139.6138889
3008,神奈川県,140138,長井台地遺跡群,長浜ノ上遺跡,,Ⅱ層,35.19416667,139.6138889
3009,神奈川県,140139,長井台地遺跡群,長浜ノ上遺跡,,Ⅲ層,35.19416667,139.6138889
3010,神奈川県,140140,長井台地遺跡群,長浜ノ上遺跡,,Ⅴa層,35.19416667,139.6138889
3011,神奈川県,140141,長井台地遺跡群,長浜ノ上遺跡,,Ⅴb層,35.19416667,139.6138889
3012,神奈川県,140142,長井台地遺跡群,長浜ノ上遺跡,,Ⅴc層,35.19416667,139.6138889
3013,神奈川県,140143,長井台地遺跡群,長浜ノ上遺跡,,ⅤⅠ層,35.19416667,139.6138889
3014,神奈川県,140144,,向原遺跡,,L1H,35.34444444,139.2797222
3015,神奈川県,140145,,向原遺跡,,B2L,35.34444444,139.2797222
3016,神奈川県,140146,,王子ノ台遺跡,,,35.36638889,139.2772222
3017,神奈川県,140147,真田・北金目遺跡群,,1区,,35.3625,139.2852778
3018,神奈川県,140148,真田・北金目遺跡群,,２区,,35.36361111,139.285
3019,神奈川県,140149,真田・北金目遺跡群,,３区,,35.36361111,139.2833333
3020,神奈川県,140150,真田・北金目遺跡群,,５区,,35.36111111,139.2858333
3021,神奈川県,140151,真田・北金目遺跡群,,４区,黒色土中,35.3625,139.285
3022,神奈川県,140152,真田・北金目遺跡群,,６区,,35.36055556,139.2836111
3023,神奈川県,140153,真田・北金目遺跡群,,13区,B1L,35.36416667,139.2861111
3024,神奈川県,140154,真田・北金目遺跡群,,８C区,,35.36444444,139.2880556
3025,神奈川県,140155,真田・北金目遺跡群,,１７A区,B2-L3,35.36444444,139.2852778
3026,神奈川県,140156,真田・北金目遺跡群,,26Ａ・B区,,35.35138889,139.2838889
3027,神奈川県,140157,真田・北金目遺跡群,,32Ａ区,,35.36555556,139.2869444
3028,神奈川県,140158,,小宮阿弥陀畑遺跡,,,35.33694444,139.3
3029,神奈川県,140159,,権現堂遺跡,第２地点,L1Su,35.38361111,139.3016667
3030,神奈川県,140160,,権現堂遺跡,第３地点,B0?,35.38361111,139.3016667
3031,神奈川県,140161,,原口遺跡,,漸移層-L1S,35.34444444,139.2797222
3032,神奈川県,140162,,原口遺跡,,Ⅰ,35.34444444,139.2797222
3033,神奈川県,140163,,原口遺跡,,Ⅱ,35.34444444,139.2797222
3034,神奈川県,140164,,向原遺跡,,FB,35.34916667,139.2780556
3035,神奈川県,140165,稲荷台地遺跡群,Ｓ地点遺跡,Ｓ１地点,B1,35.36138889,139.46
3036,神奈川県,140166,稲荷台地遺跡群,Ｓ地点遺跡,Ｓ２地点,B1,35.36138889,139.46
3037,神奈川県,140167,稲荷台地遺跡群,Ｓ地点遺跡,Ｓ３地点,B1,35.36138889,139.46
3038,神奈川県,140168,稲荷台地遺跡群,I地点遺跡,,B1,35.3675,139.4658333
3039,神奈川県,140169,,代官山遺跡,,Ⅰ,35.41888889,139.4544444
3040,神奈川県,140170,,代官山遺跡,,Ⅱ,35.41888889,139.4544444
3041,神奈川県,140171,,代官山遺跡,,Ⅲ,35.41888889,139.4544444
3042,神奈川県,140172,,代官山遺跡,,Ⅳ,35.41888889,139.4544444
3043,神奈川県,140173,,代官山遺跡,,Ⅴ,35.41888889,139.4544444
3044,神奈川県,140174,,代官山遺跡,,Ⅵ,35.41888889,139.4544444
3045,神奈川県,140175,,代官山遺跡,,Ⅶ,35.41888889,139.4544444
3046,神奈川県,140176,,代官山遺跡,,Ⅷ,35.41888889,139.4544444
3047,神奈川県,140177,,代官山遺跡,,Ⅸ,35.41888889,139.4544444
3048,神奈川県,140178,,代官山遺跡,,Ⅹ,35.41888889,139.4544444
3049,神奈川県,140179,,代官山遺跡,,Ⅹ以前,35.41888889,139.4544444
3050,神奈川県,140180,,根下遺跡,,Ⅰ,35.35444444,139.4541667
3051,神奈川県,140181,,根下遺跡,,Ⅱ,35.35444444,139.4541667
3052,神奈川県,140182,,根下遺跡,,Ⅲ,35.35444444,139.4541667
3053,神奈川県,140183,,根下遺跡,,Ⅳ,35.35444444,139.4541667
3054,神奈川県,140184,,根下遺跡,,Ⅴ,35.35444444,139.4541667
3055,神奈川県,140185,,南鍛冶山遺跡,,漸移層,35.37416667,139.4530556
3056,神奈川県,140186,,南鍛冶山遺跡,,Ⅰ,35.37416667,139.4530556
3057,神奈川県,140187,,南鍛冶山遺跡,,Ⅱ,35.37416667,139.4530556
3058,神奈川県,140188,,南鍛冶山遺跡,,Ⅲ,35.37416667,139.4530556
3059,神奈川県,140189,,南鍛冶山遺跡,,Ⅳ,35.37416667,139.4530556
3060,神奈川県,140190,,南鍛冶山遺跡,,Ⅴ,35.37416667,139.4530556
3061,神奈川県,140191,,南鍛冶山遺跡,,Ⅵ,35.37416667,139.4530556
3062,神奈川県,140192,,南鍛冶山遺跡,,Ⅶ,35.37416667,139.4530556
3063,神奈川県,140193,,慶応義塾湘南藤沢キャンパス内遺跡,,漸移層,35.39083333,139.4236111
3064,神奈川県,140194,,慶応義塾湘南藤沢キャンパス内遺跡,,Ⅰ,35.39083333,139.4236111
3065,神奈川県,140195,,慶応義塾湘南藤沢キャンパス内遺跡,,Ⅱ,35.39083333,139.4236111
3066,神奈川県,140196,,慶応義塾湘南藤沢キャンパス内遺跡,,Ⅲ,35.39083333,139.4236111
3067,神奈川県,140197,,慶応義塾湘南藤沢キャンパス内遺跡,,Ⅳ,35.39083333,139.4236111
3068,神奈川県,140198,,慶応義塾湘南藤沢キャンパス内遺跡,,Ⅴ,35.39083333,139.4236111
3069,神奈川県,140199,,慶応義塾湘南藤沢キャンパス内遺跡,,Ⅵ,35.39083333,139.4236111
3070,神奈川県,140200,,藤沢市No.202遺跡,,Ⅲ,35.39083333,139.4236111
3071,神奈川県,140201,,下ノ根遺跡,,B1上面,35.37666667,139.4508333
3072,神奈川県,140202,,今田遺跡,,漸移層,35.39583333,139.4725
3073,神奈川県,140203,,今田遺跡,,Ⅰ,35.39583333,139.4725
3074,神奈川県,140204,,今田遺跡,,Ⅱ,35.39583333,139.4725
3075,神奈川県,140205,,今田遺跡,,Ⅲ,35.39583333,139.4725
3076,神奈川県,140206,,今田遺跡,,Ⅳ,35.39583333,139.4725
3077,神奈川県,140207,,藤沢市No.202遺跡,,B1～L2層,35.39083333,139.4236111
3078,神奈川県,140208,,南葛野遺跡,,漸移層,35.40694444,139.4225
3079,神奈川県,140209,,南葛野遺跡,,Ⅰ,35.40694444,139.4225
3080,神奈川県,140210,,南葛野遺跡,,Ⅱ,35.40694444,139.4225
3081,神奈川県,140211,,遠藤山崎遺跡,,漸移層,35.39194444,139.4327778
3082,神奈川県,140212,,遠藤山崎遺跡,,B2U～B2L,35.39194444,139.4327778
3083,神奈川県,140213,,藤沢市No.399遺跡,,Ⅰ,35.375,139.4444444
3084,神奈川県,140214,,藤沢市No.399遺跡,,Ⅱ,35.375,139.4444444
3085,神奈川県,140215,,遠藤広谷遺跡,,ⅢC下部～漸移層,35.39194444,139.4327778
3086,神奈川県,140216,,遠藤広谷遺跡,,B2U～B2L,35.39194444,139.4327778
3087,神奈川県,140217,,善行遺跡,,B1,35.365,139.4633333
3088,神奈川県,140218,,藤沢市No.424遺跡,,L2～B2,35.37944444,139.4858333
3089,神奈川県,140219,,藤沢市No.455遺跡,,,35.41166667,139.4547222
3090,神奈川県,140220,,藤沢市No.455遺跡,,Ⅰ,35.41166667,139.4547222
3091,神奈川県,140221,,藤沢市No.455遺跡,,Ⅱ,35.41166667,139.4547222
3092,神奈川県,140222,用田バイパス関連遺跡群,用田南原遺跡,,草創期,35.40777778,139.4166667
3093,神奈川県,140223,用田バイパス関連遺跡群,用田南原遺跡,,Ⅱ,35.40777778,139.4166667
3094,神奈川県,140224,用田バイパス関連遺跡群,用田南原遺跡,,Ⅳ,35.40777778,139.4166667
3095,神奈川県,140225,用田バイパス関連遺跡群,用田鳥居前遺跡,,草創期,35.405,139.4155556
3096,神奈川県,140226,用田バイパス関連遺跡群,用田鳥居前遺跡,,Ⅰ,35.405,139.4155556
3097,神奈川県,140227,用田バイパス関連遺跡群,用田鳥居前遺跡,,Ⅳ,35.405,139.4155556
3098,神奈川県,140228,用田バイパス関連遺跡群,用田鳥居前遺跡,,Ⅴ,35.405,139.4155556
3099,神奈川県,140229,用田バイパス関連遺跡群,用田鳥居前遺跡,,Ⅵ,35.405,139.4155556
3100,神奈川県,140230,用田バイパス関連遺跡群,用田大河内遺跡,,Ⅰ,35.40888889,139.4080556
3101,神奈川県,140231,用田バイパス関連遺跡群,用田大河内遺跡,,Ⅵ,35.40888889,139.4080556
3102,神奈川県,140232,用田バイパス関連遺跡群,葛原滝谷遺跡,,草創期,35.40416667,139.4247222
3103,神奈川県,140233,用田バイパス関連遺跡群,葛原滝谷遺跡,,Ⅰ,35.40416667,139.4247222
3104,神奈川県,140234,用田バイパス関連遺跡群,葛原滝谷遺跡,,Ⅲ,35.40416667,139.4247222
3105,神奈川県,140235,用田バイパス関連遺跡群,葛原滝谷遺跡,,Ⅳ,35.40416667,139.4247222
3106,神奈川県,140236,用田バイパス関連遺跡群,葛原滝谷遺跡,,Ⅵ,35.40416667,139.4247222
3107,神奈川県,140237,,本入こざっ原遺跡,,Ⅰ,35.35972222,139.4761111
3108,神奈川県,140238,,本入こざっ原遺跡,,Ⅱ,35.35972222,139.4761111
3109,神奈川県,140239,,本入こざっ原遺跡,,Ⅲ,35.35972222,139.4761111
3110,神奈川県,140240,,本入こざっ原遺跡,,Ⅳ,35.35972222,139.4761111
3111,神奈川県,140241,,本入こざっ原遺跡,,Ⅴ,35.35972222,139.4761111
3112,神奈川県,140242,,藤沢市No.211遺跡,,L1S,35.36694444,139.2738889
3113,神奈川県,140243,,藤沢市No.211遺跡,,L2,35.36694444,139.2738889
3114,神奈川県,140244,,藤沢市No.419遺跡,第１地点,Ⅰ,35.39805556,139.4755556
3115,神奈川県,140245,,藤沢市No.419遺跡,第１地点,Ⅱ,35.39805556,139.4755556
3116,神奈川県,140246,,藤沢市No.419遺跡,第２地点,Ⅰ,35.39805556,139.4755556
3117,神奈川県,140247,,藤沢市No.419遺跡,第２地点,Ⅱ,35.39805556,139.4755556
3118,神奈川県,140248,,藤沢市No.419遺跡,第２地点,Ⅲ,35.39805556,139.4755556
3119,神奈川県,140249,,藤沢市No.419遺跡,第５地点,Ⅰ,35.39805556,139.4755556
3120,神奈川県,140250,,藤沢市No.419遺跡,第５地点,Ⅱ,35.39805556,139.4755556
3121,神奈川県,140251,,菖蒲沢大谷遺跡,,Ⅰ,35.39833333,139.4452778
3122,神奈川県,140252,,菖蒲沢大谷遺跡,,Ⅱ,35.39833333,139.4452778
3123,神奈川県,140253,,菖蒲沢大谷遺跡,,Ⅲ,35.39833333,139.4452778
3124,神奈川県,140254,,菖蒲沢大谷遺跡,,Ⅳ,35.39833333,139.4452778
3125,神奈川県,140255,,藤沢市No.128遺跡,,,35.36777778,139.4669444
3126,神奈川県,140256,,藤沢市No.149遺跡,,L1H～B1,35.36833333,139.4461111
3127,神奈川県,140257,,藤沢市No.269遺跡,,Ⅰ,35.38222222,139.4616667
3128,神奈川県,140258,,藤沢市No.269遺跡,,Ⅱ,35.38222222,139.4616667
3129,神奈川県,140259,,藤沢市No.451遺跡,,,35.39611111,139.4366667
3130,神奈川県,140260,,藤沢市No.451遺跡,,,35.39611111,139.4366667
3131,神奈川県,140261,,藤が岡２丁目遺跡,,Ⅰ,35.34888889,139.4894444
3132,神奈川県,140262,,藤が岡２丁目遺跡,,Ⅱ,35.34888889,139.4894444
3133,神奈川県,140263,,藤が岡２丁目遺跡,,Ⅲ,35.34888889,139.4894444
3134,神奈川県,140264,,御幣山遺跡,,B1,35.34138889,139.4977778
3135,神奈川県,140265,藤沢市北部第二（三地区）土地区画整理事業区域内遺跡群,下土棚諏訪ノ棚地区１区・２区遺跡,,L1H～B1,35.40944444,139.4519444
3136,神奈川県,140266,藤沢市北部第二（三地区）土地区画整理事業区域内遺跡群,葛原東山田地区遺跡,第１地点,B0～B1,35.405,139.4408333
3137,神奈川県,140267,藤沢市北部第二（三地区）土地区画整理事業区域内遺跡群,葛原東山田地区遺跡,第４地点,Ⅰ,35.405,139.4408333
3138,神奈川県,140268,藤沢市北部第二（三地区）土地区画整理事業区域内遺跡群,葛原東山田地区遺跡,第４地点,Ⅱ,35.405,139.4408333
3139,神奈川県,140269,,鍛冶山遺跡,,Ⅰ,35.3775,139.4552778
3140,神奈川県,140270,,鍛冶山遺跡,,Ⅱ,35.3775,139.4552778
3141,神奈川県,140271,,北窪遺跡,,L2,35.395,139.4788889
3142,神奈川県,140272,,藤沢市No.468遺跡,,L2～B2,35.37472222,139.4444444
3143,神奈川県,140273,,藤沢市No.221遺跡,,B2,35.40888889,139.46
3144,神奈川県,140274,稲荷台地遺跡群,中郷遺跡,第２地点３区,B2,35.35305556,139.4630556
3145,神奈川県,140275,稲荷台地遺跡群,中郷遺跡,第２地点６区,Ⅰ,35.35305556,139.4630556
3146,神奈川県,140276,稲荷台地遺跡群,中郷遺跡,第２地点６区,Ⅱ,35.35305556,139.4630556
3147,神奈川県,140277,稲荷台地遺跡群,中郷遺跡,第２地点６区,Ⅲ,35.35305556,139.4630556
3148,神奈川県,140278,稲荷台地遺跡群,中郷遺跡,第２地点６区,Ⅳ,35.35305556,139.4630556
3149,神奈川県,140279,稲荷台地遺跡群,中郷遺跡,第２地点12区,L1H～L2,35.35305556,139.4630556
3150,神奈川県,140280,,藤沢市No.220遺跡,,B4,35.37611111,139.4508333
3151,神奈川県,140281,,谷津山神遺跡,第Ⅰ地点,B0,35.25583333,139.1505556
3152,神奈川県,140282,,久野多古境遺跡,第Ⅱ地点,,35.27111111,139.1566667
3153,神奈川県,140283,,久野一本松遺跡,,,35.27472222,139.1416667
3154,神奈川県,140284,,小田原城跡城米曲輪,,,35.25222222,139.1538889
3155,神奈川県,140285,,愛宕山遺跡,,,35.25694444,139.1533333
3156,神奈川県,140286,,立野遺跡,ｂ地点,L1S,35.25777778,139.1391667
3157,神奈川県,140287,,天神山台遺跡,,,35.24916667,139.1502778
3158,神奈川県,140288,芹沢配水池関連遺跡群,大島仲ノ谷遺跡,,L1H～L2,35.36944444,139.4111111
3159,神奈川県,140289,芹沢配水池関連遺跡群,諏訪谷西遺跡,,B2,35.36861111,139.4105556
3160,神奈川県,140290,,椎ノ木坂遺跡,,B2,35.36805556,139.4088889
3161,神奈川県,140291,,堤・杉山原遺跡,,,35.36361111,139.4180556
3162,神奈川県,140292,,釜の上遺跡,,,35.59666667,139.2183333
3163,神奈川県,140293,,橋本遺跡,,Ⅰ,35.60444444,139.3372222
3164,神奈川県,140294,,橋本遺跡,,Ⅱ,35.60444444,139.3372222
3165,神奈川県,140295,,橋本遺跡,,Ⅲ,35.60444444,139.3372222
3166,神奈川県,140296,,橋本遺跡,,Ⅳ,35.60444444,139.3372222
3167,神奈川県,140297,,橋本遺跡,,Ⅴ,35.60444444,139.3372222
3168,神奈川県,140298,,橋本遺跡,,Ⅵ,35.60444444,139.3372222
3169,神奈川県,140299,,矢掛・久保遺跡,,Ⅰ,35.59694444,139.3616667
3170,神奈川県,140300,,矢掛・久保遺跡,,Ⅱ,35.59694444,139.3616667
3171,神奈川県,140301,,矢掛・久保遺跡,,Ⅲ,35.59694444,139.3616667
3172,神奈川県,140302,,下九沢山谷遺跡,,Ⅰ,35.57611111,139.3355556
3173,神奈川県,140303,,下九沢山谷遺跡,,Ⅱ,35.57611111,139.3355556
3174,神奈川県,140304,,下九沢山谷遺跡,,Ⅲ,35.57611111,139.3355556
3175,神奈川県,140305,,下九沢山谷遺跡,,Ⅳ,35.57611111,139.3355556
3176,神奈川県,140306,,下九沢山谷遺跡,,Ⅴ,35.57611111,139.3355556
3177,神奈川県,140307,,長久保遺跡,,B0,35.55972222,139.3652778
3178,神奈川県,140308,,長久保遺跡,,L1H,35.55972222,139.3652778
3179,神奈川県,140309,,長久保遺跡,,B1,35.55972222,139.3652778
3180,神奈川県,140310,,長久保遺跡,,B5,35.55972222,139.3652778
3181,神奈川県,140311,,上溝乙二号第3地点遺跡,,L1H,35.55527778,139.3658333
3182,神奈川県,140312,,上溝６丁目遺跡,,旧,35.55583333,139.3547222
3183,神奈川県,140313,,田名稲荷山遺跡,A地区,Ⅰ,35.54916667,139.3455556
3184,神奈川県,140314,,田名稲荷山遺跡,A地区,Ⅱ,35.54916667,139.3455556
3185,神奈川県,140315,,田名稲荷山遺跡,A地区,Ⅳ,35.54916667,139.3455556
3186,神奈川県,140316,,田名稲荷山遺跡,B地区,Ⅰ,35.54916667,139.3455556
3187,神奈川県,140317,,田名稲荷山遺跡,B地区,Ⅱ,35.54916667,139.3455556
3188,神奈川県,140318,,田名稲荷山遺跡,B地区,Ⅲ,35.54916667,139.3455556
3189,神奈川県,140319,,下塩田遺跡,,旧,35.53166667,139.3605556
3190,神奈川県,140320,,塩田遺跡,,旧,35.56333333,139.3291667
3191,神奈川県,140321,,当麻遺跡,,旧,35.52916667,139.3625
3192,神奈川県,140322,,当麻亀形遺跡,第1次調査区,Ⅰ,35.53138889,139.3677778
3193,神奈川県,140323,,当麻亀形遺跡,第2・4次調査区,Ⅱ,35.53138889,139.3677778
3194,神奈川県,140324,,当麻亀形遺跡,第3次調査区,Ⅲ,35.53138889,139.3677778
3195,神奈川県,140325,,当麻亀形遺跡,第4次調査区,Ⅳ,35.53138889,139.3677778
3196,神奈川県,140326,,下中丸遺跡,,縄,35.53166667,139.3752778
3197,神奈川県,140327,,市道横山磯部内遺跡,,採,35.51583333,139.3844444
3198,神奈川県,140328,,勝坂Ｄ地点遺跡,,採,35.50944444,139.3877778
3199,神奈川県,140329,,勝坂遺跡,,,35.50944444,139.3883333
3200,神奈川県,140330,,中村遺跡,C地区,Ⅰ,35.53694444,139.4461111
3201,神奈川県,140331,,中村遺跡,E地区,Ⅱ,35.53694444,139.4461111
3202,神奈川県,140332,,中村遺跡,C地区,Ⅲ,35.53694444,139.4461111
3203,神奈川県,140333,,中村遺跡,E～G地区,Ⅳ,35.53694444,139.4461111
3204,神奈川県,140334,,中村遺跡,C地区,Ⅴ（C）,35.53694444,139.4461111
3205,神奈川県,140335,,中村遺跡,D～F地区,Ⅴ（D～F）,35.53694444,139.4461111
3206,神奈川県,140336,,中村遺跡,C地区,Ⅵ,35.53694444,139.4461111
3207,神奈川県,140337,,相模原市No.203遺跡,,,35.53138889,139.4402778
3208,神奈川県,140338,,古淵Ｂ遺跡,,Ⅰa,35.55722222,139.4222222
3209,神奈川県,140339,,古淵Ｂ遺跡,,Ⅰb,35.55722222,139.4222222
3210,神奈川県,140340,,古淵Ｂ遺跡,,Ⅱa,35.55722222,139.4222222
3211,神奈川県,140341,,古淵Ｂ遺跡,,Ⅱb,35.55722222,139.4222222
3212,神奈川県,140342,,古淵Ｂ遺跡,,Ⅲa,35.55722222,139.4222222
3213,神奈川県,140343,,古淵Ｂ遺跡,,Ⅳ,35.55722222,139.4222222
3214,神奈川県,140344,,横山坂遺跡,,L1S,35.55277778,139.3705556
3215,神奈川県,140345,,横山坂遺跡,,B0,35.55277778,139.3705556
3216,神奈川県,140346,,横山坂遺跡,,L1H,35.55277778,139.3705556
3217,神奈川県,140347,,横山坂遺跡,,B1,35.55277778,139.3705556
3218,神奈川県,140348,,横山坂遺跡,,L2,35.55277778,139.3705556
3219,神奈川県,140349,,相模原市No.34遺跡,,表,35.54277778,139.4863889
3220,神奈川県,140350,,相模野No.14遺跡,,,35.55722222,139.3655556
3221,神奈川県,140351,,相模野No.13遺跡,,L1H～B1U,35.55277778,139.3705556
3222,神奈川県,140352,,相模野No.24遺跡,,B1～L2,35.56444444,139.3472222
3223,神奈川県,140353,,相模野No.35遺跡,,L1S～B2U,35.56222222,139.3558333
3224,神奈川県,140354,,相模野No.37遺跡,,L2,35.53138889,139.3669444
3225,神奈川県,140355,,相模野No.38遺跡,,B1,35.53388889,139.3636111
3226,神奈川県,140356,,相模野No.157遺跡,,L1H～L2,35.52444444,139.4427778
3227,神奈川県,140357,,相模野No.158遺跡,,L2U,35.525,139.4441667
3228,神奈川県,140358,,相模野No.34遺跡,,B2UU,35.56055556,139.3577778
3229,神奈川県,140359,,相模野No.22遺跡,,B2U,35.56194444,139.3497222
3230,神奈川県,140360,,相模野No.21遺跡,,B2上面・B2L,35.56194444,139.3497222
3231,神奈川県,140361,,相模野No.18遺跡,,B2U・B2L,35.54055556,139.3702778
3232,神奈川県,140362,,相模野No.32遺跡,,B2,35.53805556,139.3772222
3233,神奈川県,140363,,相模野No.31遺跡,,B2上部,35.53194444,139.3786111
3234,神奈川県,140364,,古山（相模野No.12B）遺跡,A地点,B2上面,35.53833333,139.3836111
3235,神奈川県,140365,,古山（相模野No.12B）遺跡,B地点,L5U,35.53833333,139.3836111
3236,神奈川県,140366,,相模野No.11遺跡,,B2上面,35.5375,139.3816667
3237,神奈川県,140367,,相模野No.9遺跡,,B2上面,35.55527778,139.3555556
3238,神奈川県,140368,,相模野No.8遺跡,,B2上面,35.54166667,139.3886111
3239,神奈川県,140369,,相模野No.6遺跡,,B2上面・中,35.50666667,139.3908333
3240,神奈川県,140370,,相模野No.131遺跡,,B2,35.57611111,139.4005556
3241,神奈川県,140371,,相模野No.130遺跡,,B2中位,35.57472222,139.4013889
3242,神奈川県,140372,,相模野No.129遺跡,,B2下部,35.56111111,139.4186111
3243,神奈川県,140373,,相模野No.128遺跡,,B2L上面,35.55888889,139.4227778
3244,神奈川県,140374,,横山５丁目遺跡,第1次調査区,Ⅰ,35.56277778,139.3636111
3245,神奈川県,140375,,横山５丁目遺跡,第1～3次調査区,Ⅱ,35.56277778,139.3636111
3246,神奈川県,140376,,中村Ｄ地点遺跡,,Ⅰ,35.53222222,139.4452778
3247,神奈川県,140377,,光明学園遺跡,,B1下,35.52944444,139.3686111
3248,神奈川県,140378,,上鶴間上深堀向遺跡,第1次調査区,L1H,35.52138889,139.4425
3249,神奈川県,140379,,上鶴間上深堀向遺跡,第2次調査区,B0～B1,35.52138889,139.4425
3250,神奈川県,140380,,鵜野森柏木北遺跡,A区,B0～B1,35.54583333,139.4313889
3251,神奈川県,140381,,磯部宮際Ｅ地点遺跡,第1次調査区,,35.50833333,139.385
3252,神奈川県,140382,,磯部宮際Ｅ地点遺跡,第2次調査区,,35.50833333,139.385
3253,神奈川県,140383,,上溝4丁目彼岸沢第3地点遺跡,,L1H下,35.5575,139.3583333
3254,神奈川県,140384,,田名向原Ⅰ遺跡,,,35.52861111,139.3555556
3255,神奈川県,140385,,田名向原Ⅱ遺跡,,,35.52861111,139.3555556
3256,神奈川県,140386,,田名向原Ⅲ遺跡,,,35.52861111,139.3555556
3257,神奈川県,140387,,上溝丁五号遺跡,,,35.54416667,139.3783333
3258,神奈川県,140388,,田名塩田・西山遺跡,,漸移層,35.53388889,139.3522222
3259,神奈川県,140389,,田名塩田・西山遺跡,,L1S,35.53388889,139.3522222
3260,神奈川県,140390,,田名塩田・西山遺跡,,B0,35.53388889,139.3522222
3261,神奈川県,140391,,田名塩田・西山遺跡,,L1H,35.53388889,139.3522222
3262,神奈川県,140392,,下原遺跡,A地区,B0下,35.54194444,139.3358333
3263,神奈川県,140393,,下原遺跡,B地区,B0下,35.54194444,139.3358333
3264,神奈川県,140394,,勝坂遺跡第45次調査,A地点　1集中区,漸移層,35.51083333,139.3863889
3265,神奈川県,140395,,勝坂遺跡第45次調査,A地点　2集中区,漸移層,35.51083333,139.3863889
3266,神奈川県,140396,,勝坂遺跡第45次調査,A地点　3集中区,漸移層,35.51083333,139.3863889
3267,神奈川県,140397,,田名塩田原地区,,Ⅰ,35.53583333,139.3594444
3268,神奈川県,140398,,田名塩田原地区,,Ⅱ,35.53583333,139.3594444
3269,神奈川県,140399,,田名塩田原地区,,Ⅲ,35.53583333,139.3594444
3270,神奈川県,140400,,当麻亀ﾉ甲・西原遺跡,,L1SU～L1SL,35.5325,139.3688889
3271,神奈川県,140401,,当麻亀ﾉ甲・西原遺跡,,L1S～L1H,35.5325,139.3688889
3272,神奈川県,140402,,小保戸遺跡,,Ⅰ,35.58083333,139.2927778
3273,神奈川県,140403,,小保戸遺跡,,Ⅱ,35.58083333,139.2927778
3274,神奈川県,140404,,小保戸遺跡,,Ⅲ,35.58083333,139.2927778
3275,神奈川県,140405,,小保戸遺跡,,Ⅳ,35.58083333,139.2927778
3276,神奈川県,140406,,大保戸遺跡,③地区,Ⅰ,35.57916667,139.2938889
3277,神奈川県,140407,,津久井城跡馬込地区,,Ⅰ,35.58027778,139.2886111
3278,神奈川県,140408,,津久井城跡馬込地区,,Ⅰb,35.58027778,139.2886111
3279,神奈川県,140409,,津久井城跡馬込地区,,Ⅱ,35.58027778,139.2886111
3280,神奈川県,140410,,津久井城跡馬込地区,,Ⅲ,35.58027778,139.2886111
3281,神奈川県,140411,,津久井城跡馬込地区,,Ⅳ,35.58027778,139.2886111
3282,神奈川県,140412,,津久井城跡馬込地区,,Ⅴ,35.58027778,139.2886111
3283,神奈川県,140413,,津久井城跡馬込地区,,Ⅵ,35.58027778,139.2886111
3284,神奈川県,140414,,松輪大畑遺跡,,第Ⅰ文化層,35.14638889,139.67
3285,神奈川県,140415,,松輪大畑遺跡,,第Ⅱ文化層,35.14638889,139.67
3286,神奈川県,140416,,上の原遺跡,,,35.17166667,139.6258333
3287,神奈川県,140417,,不入斗遺跡,,,35.17166667,139.6272222
3288,神奈川県,140418,,赤坂遺跡,,,35.17611111,139.6336111
3289,神奈川県,140419,,菖蒲内開戸遺跡,,,0,0
3290,神奈川県,140420,今泉遺跡群,今泉峰遺跡,Ａ地区,,35.365,139.2219444
3291,神奈川県,140421,,太岳院遺跡,,,35.36722222,139.2238889
3292,神奈川県,140422,,太岳院遺跡,92-1地点,B1相当層,35.36722222,139.2238889
3293,神奈川県,140423,,太岳院遺跡,91-1地点,,35.36722222,139.2238889
3294,神奈川県,140424,,太岳院遺跡,92-4地点,B1下部,35.36722222,139.2238889
3295,神奈川県,140425,,太岳院遺跡,92-4地点,L1H,35.36722222,139.2238889
3296,神奈川県,140426,,太岳院遺跡,96年度地点,,35.3675,139.225
3297,神奈川県,140427,,堂坂遺跡,9308地点,,35.36583333,139.1838889
3298,神奈川県,140428,,堂坂遺跡,200104地点,,35.36638889,139.1833333
3299,神奈川県,140429,,山ノ台威勢遺跡,,,35.36916667,139.1766667
3300,神奈川県,140430,,波多野城址,,,35.39611111,139.2336111
3301,神奈川県,140431,,平沢遺跡,,,35.36916667,139.2116667
3302,神奈川県,140432,,小南（No.28）遺跡,,L1S,35.37027778,139.2622222
3303,神奈川県,140433,,東開戸遺跡,,,35.35638889,139.2572222
3304,神奈川県,140434,,下大槻峯（No.30）遺跡,,,35.36111111,139.2527778
3305,神奈川県,140435,,中里遺跡,,,35.35555556,139.2513889
3306,神奈川県,140436,,鶴巻上ノ窪（No.25上）遺跡,,,35.38027778,139.2694444
3307,神奈川県,140437,,根丸島遺跡,,,35.38194444,139.2841667
3308,神奈川県,140438,,東田原八幡遺跡,,,35.39888889,139.2269444
3309,神奈川県,140439,,砂田台遺跡,,,35.36861111,139.2702778
3310,神奈川県,140440,,東北久保遺跡,,,35.365,139.2566667
3311,神奈川県,140441,,飯山上ノ原遺跡,,,35.4725,139.3383333
3312,神奈川県,140442,,恩名萱山遺跡,,,35.44166667,139.3525
3313,神奈川県,140443,,恩名沖原遺跡,,,35.43861111,139.3441667
3314,神奈川県,140444,,上依知上谷戸遺跡,,,35.51555556,139.3597222
3315,神奈川県,140445,,恩名萱山遺跡,,,35.44333333,139.3522222
3316,神奈川県,140446,,子合頭・妙見谷遺跡,,表採,35.48722222,139.3375
3317,神奈川県,140447,,七沢足ヶ久保遺跡,,断面,35.45527778,139.2880556
3318,神奈川県,140448,,鳶尾遺跡,41,,35.49388889,139.3255556
3319,神奈川県,140449,,鳶尾遺跡,,,35.49388889,139.3255556
3320,神奈川県,140450,,上古沢山田遺跡,,表採,35.46138889,139.3047222
3321,神奈川県,140451,,相模野No.77（大和市No.148）遺跡,,,35.43222222,139.4566667
3322,神奈川県,140452,,相模野No.78遺跡,,,35.44055556,139.4580556
3323,神奈川県,140453,,相模野No.85遺跡,,,35.45805556,139.4586111
3324,神奈川県,140454,,相模野No.89遺跡,,,35.46388889,139.4569444
3325,神奈川県,140455,,相模野No.95（大和市No.166）遺跡,,,35.47611111,139.4491667
3326,神奈川県,140456,,相模野No.96（大和市No.167）遺跡,,,35.47416667,139.4477778
3327,神奈川県,140457,,相模野No.121遺跡,,B1,35.44055556,139.4719444
3328,神奈川県,140458,,相模野No.121遺跡,,B2,35.44055556,139.4719444
3329,神奈川県,140459,,相模野No.124遺跡,,,35.4825,139.4677778
3330,神奈川県,140460,,相模野No.124遺跡,,B2L,35.4825,139.4677778
3331,神奈川県,140461,,相模野No.125遺跡,,B2L上面,35.49,139.4680556
3332,神奈川県,140462,,相模野No.138（大和市No.12）遺跡,,,35.50666667,139.4611111
3333,神奈川県,140463,,相模野No.140遺跡,,L1H,35.50555556,139.4566667
3334,神奈川県,140464,,相模野No.140遺跡,,,35.50555556,139.4566667
3335,神奈川県,140465,,相模野No.142遺跡,,,35.5075,139.4561111
3336,神奈川県,140466,,相模野No.142遺跡,,,35.5075,139.4561111
3337,神奈川県,140467,,相模野No.146遺跡,,L1S,35.50944444,139.4541667
3338,神奈川県,140468,,相模野No.146遺跡,,L1S,35.50944444,139.4541667
3339,神奈川県,140469,,相模野No.146遺跡,,,35.50944444,139.4541667
3340,神奈川県,140470,,相模野No.147遺跡,,,35.51083333,139.4552778
3341,神奈川県,140471,,相模野No.147遺跡,,,35.51083333,139.4552778
3342,神奈川県,140472,,相模野No.149遺跡,,FB,35.51388889,139.4569444
3343,神奈川県,140473,,相模野No.149遺跡,,L1SU,35.51388889,139.4569444
3344,神奈川県,140474,,相模野No.149遺跡,,L1SL,35.51388889,139.4569444
3345,神奈川県,140475,,相模野No.149遺跡,,B2L,35.51388889,139.4569444
3346,神奈川県,140476,,相模野No.150遺跡,,,35.51333333,139.4544444
3347,神奈川県,140477,,相模野No.151遺跡,,,35.51444444,139.4533333
3348,神奈川県,140478,,相模野No.152（大和市No.225）遺跡,,,35.51583333,139.4552778
3349,神奈川県,140479,,相模野No.154（大和市No.227）遺跡,,L1S-B3,35.51722222,139.4511111
3350,神奈川県,140480,,相模野No.161（大和市No.191）遺跡,,B4下,35.515,139.4555556
3351,神奈川県,140481,月見野遺跡群,相ノ原遺跡,第Ⅰ地点,縄,35.50638889,139.46
3352,神奈川県,140482,月見野遺跡群,相ノ原遺跡,第Ⅴ地点,Ⅰ,35.50611111,139.4591667
3353,神奈川県,140483,月見野遺跡群,相ノ原遺跡,第Ⅴ地点,L1S～B.B0,35.50611111,139.4591667
3354,神奈川県,140484,月見野遺跡群,相ノ原遺跡,第Ⅴ地点,L1H下,35.50611111,139.4591667
3355,神奈川県,140485,月見野遺跡群,相ノ原（第６次）遺跡,第Ⅴ地点,L1H中,35.50694444,139.4588889
3356,神奈川県,140486,月見野遺跡群,相ノ原（第４次）遺跡,第Ⅴ地点,Gr一括・溝覆土,35.50694444,139.4591667
3357,神奈川県,140487,月見野遺跡群,上野遺跡,,Ⅰ,35.50305556,139.4575
3358,神奈川県,140488,月見野遺跡群,上野遺跡,,Ⅱ,35.50305556,139.4575
3359,神奈川県,140489,月見野遺跡群,月見野第Ⅰ（相模野No.144）遺跡,,BB１,35.50944444,139.4577778
3360,神奈川県,140490,月見野遺跡群,月見野第Ⅱ（相模野No.143）遺跡,,BB1上面,35.50888889,139.455
3361,神奈川県,140491,月見野遺跡群,月見野第Ⅱ（相模野No.143）遺跡,,L2,35.50888889,139.455
3362,神奈川県,140492,月見野遺跡群,月見野第Ⅲ遺跡,Ａ地点,上層L1H,35.51416667,139.4533333
3363,神奈川県,140493,月見野遺跡群,月見野第Ⅲ遺跡,Ａ地点,下層BB1,35.51416667,139.4533333
3364,神奈川県,140494,月見野遺跡群,月見野第Ⅲ遺跡,Ｂ地点,上層L1H,35.51416667,139.4533333
3365,神奈川県,140495,月見野遺跡群,月見野第Ⅲ遺跡,Ｂ地点,下層BB1,35.51416667,139.4533333
3366,神奈川県,140496,月見野遺跡群,月見野第Ⅲ遺跡,Ｃ･Ｄ地点,,35.51444444,139.4533333
3367,神奈川県,140497,月見野遺跡群,月見野第Ⅳ遺跡,Ａ地点,上層L1S,35.51722222,139.4508333
3368,神奈川県,140498,月見野遺跡群,月見野第Ⅳ遺跡,Ａ地点,中層L1H,35.51722222,139.4508333
3369,神奈川県,140499,月見野遺跡群,月見野第Ⅳ遺跡,Ａ地点,上層BB1,35.51722222,139.4508333
3370,神奈川県,140500,月見野遺跡群,月見野第Ⅳ遺跡,Ｂ地点,BB2L上面,35.51722222,139.4508333
3371,神奈川県,140501,月見野遺跡群,月見野第Ⅳ遺跡,Ｂ地点,BB2下底,35.51722222,139.4508333
3372,神奈川県,140502,月見野遺跡群,月見野第Ⅳ遺跡,Ｃ地点,上層L1H,35.51722222,139.4508333
3373,神奈川県,140503,月見野遺跡群,月見野第Ⅳ遺跡,Ｃ地点,下層BB1上面,35.51722222,139.4508333
3374,神奈川県,140504,月見野遺跡群,月見野第Ⅳ遺跡,Ｄ地点,BB2,35.51722222,139.4508333
3375,神奈川県,140505,月見野遺跡群,月見野上野遺跡,第１地点,Ⅸ,35.51027778,139.4541667
3376,神奈川県,140506,月見野遺跡群,月見野上野遺跡,第１地点,Ⅹ,35.51027778,139.4541667
3377,神奈川県,140507,月見野遺跡群,月見野上野遺跡,第１地点,Ⅰ,35.51027778,139.4541667
3378,神奈川県,140508,月見野遺跡群,月見野上野遺跡,第１地点,Ⅱ,35.51027778,139.4541667
3379,神奈川県,140509,月見野遺跡群,月見野上野遺跡,第１地点,Ⅲ,35.51027778,139.4541667
3380,神奈川県,140510,月見野遺跡群,月見野上野遺跡,第１地点,Ⅷ,35.51027778,139.4541667
3381,神奈川県,140511,月見野遺跡群,月見野上野遺跡,第１地点,Ⅳ,35.51027778,139.4541667
3382,神奈川県,140512,月見野遺跡群,月見野上野遺跡,第１地点,Ⅴ,35.51027778,139.4541667
3383,神奈川県,140513,月見野遺跡群,月見野上野遺跡,第１地点,Ⅵ,35.51027778,139.4541667
3384,神奈川県,140514,月見野遺跡群,月見野上野遺跡,第１地点,Ⅶ,35.51027778,139.4541667
3385,神奈川県,140515,月見野遺跡群,月見野上野遺跡,第１地点（４次調査）,Ⅰ,35.51027778,139.4541667
3386,神奈川県,140516,月見野遺跡群,月見野上野遺跡,第１地点（４次調査）,Ⅱ,35.51027778,139.4541667
3387,神奈川県,140517,月見野遺跡群,月見野上野遺跡,第１地点（４次調査）,Ⅴ,35.51027778,139.4541667
3388,神奈川県,140518,月見野遺跡群,月見野上野遺跡,第２地点,FBL,35.50972222,139.455
3389,神奈川県,140519,月見野遺跡群,月見野上野遺跡,第２地点,B0-L1H,35.50972222,139.455
3390,神奈川県,140520,月見野遺跡群,月見野上野遺跡,第２地点,B2,35.50972222,139.455
3391,神奈川県,140521,月見野遺跡群,月見野上野遺跡,第３地点,Ⅰ,35.50611111,139.4563889
3392,神奈川県,140522,月見野遺跡群,月見野上野遺跡,第３地点,Ⅱ,35.50611111,139.4563889
3393,神奈川県,140523,月見野遺跡群,月見野上野遺跡,第５地点,Ⅰ,35.505,139.4572222
3394,神奈川県,140524,月見野遺跡群,月見野上野遺跡,第５地点,Ⅱ,35.505,139.4572222
3395,神奈川県,140525,月見野遺跡群,月見野上野遺跡,第５地点,Ⅲ,35.505,139.4572222
3396,神奈川県,140526,月見野遺跡群,月見野上野遺跡,第５地点,Ⅳ,35.505,139.4572222
3397,神奈川県,140527,月見野遺跡群,月見野上野遺跡,第６地点,Ⅰ,35.50416667,139.4566667
3398,神奈川県,140528,月見野遺跡群,月見野上野遺跡,第６地点,Ⅱ,35.50416667,139.4566667
3399,神奈川県,140529,月見野遺跡群,月見野上野遺跡,第12地点,Ⅰ,35.50277778,139.4572222
3400,神奈川県,140530,月見野遺跡群,月見野上野遺跡,第12地点,Ⅱ,35.50277778,139.4572222
3401,神奈川県,140531,月見野遺跡群,谷戸田遺跡遺跡,第Ⅰ地点,,35.51722222,139.4508333
3402,神奈川県,140532,月見野遺跡群,谷戸田遺跡遺跡,第Ⅱ地点,,35.50722222,139.4563889
3403,神奈川県,140533,,大和（仮）配水池内遺跡,,,35.48083333,139.4405556
3404,神奈川県,140534,,大和市No.1遺跡,,B2,35.42472222,139.4616667
3405,神奈川県,140535,,大和市No.2遺跡,,,35.49472222,139.4622222
3406,神奈川県,140536,,大和市No.3遺跡,,B2U,35.43944444,139.4613889
3407,神奈川県,140537,,大和市No.3遺跡,,,35.49027778,139.4666667
3408,神奈川県,140538,,大和市No.4遺跡,,B2U,35.44472222,139.4636111
3409,神奈川県,140539,,大和市No.9遺跡,,B2,35.50555556,139.465
3410,神奈川県,140540,,大和市No.10遺跡,,B1,35.47555556,139.4463889
3411,神奈川県,140541,,大和市No.12遺跡,,B2L,35.45333333,139.4561111
3412,神奈川県,140542,,大和市No.16遺跡,,B2U,35.44666667,139.4602778
3413,神奈川県,140543,,大和市No.17遺跡,,,35.50611111,139.4552778
3414,神奈川県,140544,,大和市No.25遺跡,,B1中,35.48777778,139.4661111
3415,神奈川県,140545,,大和市No.26遺跡,１Gr,,35.49666667,139.4616667
3416,神奈川県,140546,,大和市No.26遺跡,２Gr,,35.4975,139.4625
3417,神奈川県,140547,,大和市No.27遺跡,,L2～B2U,35.48194444,139.4677778
3418,神奈川県,140548,,大和市No.30遺跡,,L1H,35.51916667,139.4608333
3419,神奈川県,140549,,大和市No.31遺跡,,L1S,35.51083333,139.4541667
3420,神奈川県,140550,,大和市No.31遺跡,,B.B0～L1H,35.51083333,139.4541667
3421,神奈川県,140551,,大和市No.31遺跡,,B2U・B2L,35.51083333,139.4541667
3422,神奈川県,140552,,大和市No.43遺跡,,,35.48166667,139.4672222
3423,神奈川県,140553,,大和市No.46遺跡,,,35.47638889,139.4666667
3424,神奈川県,140554,,大和市No.52遺跡,２Gr,,35.46694444,139.4705556
3425,神奈川県,140555,,大和市No.57遺跡,,,35.46277778,139.4669444
3426,神奈川県,140556,,大和市No.75遺跡,,,35.47833333,139.4438889
3427,神奈川県,140557,,大和市No.90遺跡,,,35.475,139.4505556
3428,神奈川県,140558,,大和市No.95遺跡,,,35.45027778,139.4602778
3429,神奈川県,140559,,大和市No.97遺跡,,,35.44222222,139.4597222
3430,神奈川県,140560,,大和市No.105遺跡,,,35.44,139.4641667
3431,神奈川県,140561,,大和市No.111遺跡,,,35.44416667,139.4638889
3432,神奈川県,140562,,大和市No.121遺跡,,,35.44638889,139.4605556
3433,神奈川県,140563,,大和市No.142遺跡,,,35.45722222,139.4591667
3434,神奈川県,140564,,大和市No.146遺跡,,,35.45777778,139.4563889
3435,神奈川県,140565,,大和市No.147遺跡,,,35.46027778,139.4580556
3436,神奈川県,140566,,大和市No.148遺跡,,,35.43222222,139.4566667
3437,神奈川県,140567,,大和市No.150遺跡,,,35.43972222,139.4575
3438,神奈川県,140568,,大和市No.159遺跡,,Ⅰ,35.46444444,139.4563889
3439,神奈川県,140569,,大和市No.159遺跡,,Ⅱ,35.46444444,139.4563889
3440,神奈川県,140570,,大和市No.160遺跡,,,35.46583333,139.4544444
3441,神奈川県,140571,,大和市No.161（相模野No.90）遺跡,,,35.47083333,139.4530556
3442,神奈川県,140572,,大和市No.166遺跡,,,35.47555556,139.4491667
3443,神奈川県,140573,,大和市No.167遺跡,,,35.47416667,139.4477778
3444,神奈川県,140574,,大和市No.169遺跡,,,35.47444444,139.4472222
3445,神奈川県,140575,,大和市No.170（相模野No.99）遺跡,,,35.47888889,139.4438889
3446,神奈川県,140576,,大和市No.171遺跡,,,35.44027778,139.4716667
3447,神奈川県,140577,,大和市No.173遺跡,,,35.48944444,139.4675
3448,神奈川県,140578,,大和市No.174遺跡,,,35.48777778,139.4669444
3449,神奈川県,140579,,大和市No.175遺跡,,,35.47111111,139.4505556
3450,神奈川県,140580,,大和市No.190遺跡,,,35.51638889,139.4536111
3451,神奈川県,140581,,大和市No.191（相模野No.161）遺跡,,,35.51472222,139.4555556
3452,神奈川県,140582,,大和市No.192遺跡,,,35.51083333,139.4558333
3453,神奈川県,140583,,大和市No.194遺跡,,,35.50277778,139.4594444
3454,神奈川県,140584,,大和市No.195遺跡,,,35.48888889,139.4672222
3455,神奈川県,140585,,大和市No.196遺跡,,,35.46222222,139.47
3456,神奈川県,140586,,大和市No.197遺跡,,,35.45972222,139.4702778
3457,神奈川県,140587,,大和市No.200遺跡,,,35.47527778,139.4466667
3458,神奈川県,140588,,大和市No.201遺跡,,,35.46583333,139.4558333
3459,神奈川県,140589,,大和市No.202遺跡,,Ⅰ,35.51444444,139.4533333
3460,神奈川県,140590,,大和市No.202遺跡,,Ⅱ,35.51444444,139.4533333
3461,神奈川県,140591,,大和市No.203（相模野No.137）遺跡,,,35.50305556,139.4591667
3462,神奈川県,140592,,大和市No.206遺跡,,,35.50555556,139.455
3463,神奈川県,140593,,大和市No.207（相模野No.141）遺跡,,,35.50694444,139.4588889
3464,神奈川県,140594,,大和市No.210遺跡,,Ⅰ,35.51333333,139.4544444
3465,神奈川県,140595,,大和市No.210遺跡,,Ⅱ,35.51333333,139.4544444
3466,神奈川県,140596,,大和市No.217（相模野No.139）遺跡,,,35.50444444,139.4580556
3467,神奈川県,140597,,大和市No.218遺跡,,,35.50611111,139.4572222
3468,神奈川県,140598,,大和市No.219遺跡,,,35.50722222,139.4563889
3469,神奈川県,140599,,大和市No.220遺跡,,,35.50694444,139.4561111
3470,神奈川県,140600,,大和市No.222（相模野No.148）遺跡,,,35.51166667,139.4569444
3471,神奈川県,140601,,大和市No.223遺跡,,,35.51222222,139.4566667
3472,神奈川県,140602,,大和市No.226（相模野No.153）遺跡,,,35.51694444,139.4541667
3473,神奈川県,140603,,上草柳遺跡,第１地点,Ⅰ,35.47944444,139.4463889
3474,神奈川県,140604,,上草柳遺跡,第１地点,Ⅱ,35.47944444,139.4463889
3475,神奈川県,140605,,上草柳遺跡,第１地点,L2～B2,35.47944444,139.4463889
3476,神奈川県,140606,,上草柳遺跡,第２地点,漸～L1H,35.47861111,139.4444444
3477,神奈川県,140607,,上草柳遺跡,第２地点,Ⅰ,35.47861111,139.4444444
3478,神奈川県,140608,,上草柳遺跡,第２地点,Ⅱ,35.47861111,139.4444444
3479,神奈川県,140609,,上草柳遺跡,第２地点,L3、B3,35.47861111,139.4444444
3480,神奈川県,140610,,上草柳遺跡,第３地点東,Ⅵ～Ⅷ,35.47805556,139.4422222
3481,神奈川県,140611,,上草柳遺跡,第３地点東,漸～B.B0上,35.47805556,139.4422222
3482,神奈川県,140612,,上草柳遺跡,第３地点東,Ⅰ,35.47805556,139.4422222
3483,神奈川県,140613,,上草柳遺跡,第３地点東,L1H～B1,35.47805556,139.4422222
3484,神奈川県,140614,,上草柳遺跡,第３地点東,B1、B2L,35.47805556,139.4422222
3485,神奈川県,140615,,上草柳遺跡,第３地点中央,Ⅰ,35.47388889,139.4544444
3486,神奈川県,140616,,上草柳遺跡,第３地点西,Ⅰ,35.47833333,139.4411111
3487,神奈川県,140617,,上草柳遺跡,第３地点西,Ⅱ,35.47833333,139.4411111
3488,神奈川県,140618,,上草柳遺跡,第３地点西,L1S、L1H下部,35.47833333,139.4411111
3489,神奈川県,140619,,上草柳遺跡,第３地点西,Ⅲ,35.47833333,139.4411111
3490,神奈川県,140620,,上草柳遺跡,第３地点西,Ⅳ,35.47833333,139.4411111
3491,神奈川県,140621,,上草柳遺跡,第３地点西,B1中,35.47833333,139.4411111
3492,神奈川県,140622,,上草柳遺跡,第４地点,L1s～B0,35.47833333,139.4394444
3493,神奈川県,140623,,上草柳遺跡,第４地点,Ⅰ（a）,35.47833333,139.4394444
3494,神奈川県,140624,,上草柳遺跡,第４地点,Ⅰ（b）,35.47833333,139.4394444
3495,神奈川県,140625,,下鶴間長堀遺跡,,Ⅰ,35.49222222,139.4633333
3496,神奈川県,140626,,下鶴間長堀遺跡,,Ⅱ,35.49222222,139.4633333
3497,神奈川県,140627,,下鶴間長堀遺跡,,Ⅲ,35.49222222,139.4633333
3498,神奈川県,140628,,下鶴間長堀遺跡,,Ⅳ,35.49222222,139.4633333
3499,神奈川県,140629,,大下遺跡,,,35.45805556,139.4586111
3500,神奈川県,140630,,大塚戸遺跡,,Ⅰ,35.46027778,139.4691667
3501,神奈川県,140631,,大塚戸遺跡,,Ⅱ,35.46027778,139.4691667
3502,神奈川県,140632,,上草柳水源地遺跡,,,35.47861111,139.4441667
3503,神奈川県,140633,,上和田城山（１・２次）遺跡,,Ⅰ,35.4425,139.475
3504,神奈川県,140634,,上和田城山（１・２次）遺跡,,Ⅱ,35.4425,139.475
3505,神奈川県,140635,,上和田城山（１・２次）遺跡,,Ⅲ,35.4425,139.475
3506,神奈川県,140636,,上和田城山（１・２次）遺跡,,Ⅳ,35.4425,139.475
3507,神奈川県,140637,,上和田城山（１・２次）遺跡,,Ⅴ,35.4425,139.475
3508,神奈川県,140638,,上和田城山（１・２次）遺跡,,Ⅵ,35.4425,139.475
3509,神奈川県,140639,,上和田城山（４次）遺跡,,Ⅰ,35.44277778,139.4741667
3510,神奈川県,140640,,上和田城山（４次）遺跡,,Ⅱ,35.44277778,139.4741667
3511,神奈川県,140641,,上和田城山（４次）遺跡,,Ⅲ,35.44277778,139.4741667
3512,神奈川県,140642,,県営高座渋谷団地内遺跡,,Ⅰ,35.45361111,139.4627778
3513,神奈川県,140643,,県営高座渋谷団地内遺跡,,Ⅱ,35.45361111,139.4627778
3514,神奈川県,140644,,県営高座渋谷団地内遺跡,,Ⅲ,35.45361111,139.4627778
3515,神奈川県,140645,,県営高座渋谷団地内遺跡,,Ⅳ,35.45361111,139.4627778
3516,神奈川県,140646,,県営高座渋谷団地内遺跡,,Ⅴ,35.45361111,139.4627778
3517,神奈川県,140647,,県営高座渋谷団地内遺跡,,Ⅵ,35.45361111,139.4627778
3518,神奈川県,140648,,県営高座渋谷団地内遺跡,,Ⅶ,35.45361111,139.4627778
3519,神奈川県,140649,,下鶴間浅間社遺跡,,,35.5175,139.4541667
3520,神奈川県,140650,,下鶴間甲一号遺跡,Ⅲ地区,Ⅰ,35.51694444,139.4619444
3521,神奈川県,140651,,下鶴間甲一号遺跡,Ⅲ地区,Ⅱ,35.51694444,139.4619444
3522,神奈川県,140652,,下鶴間甲一号遺跡,Ⅲ地区,Ⅲ,35.51694444,139.4619444
3523,神奈川県,140653,,下鶴間甲一号遺跡,Ⅲ地区,Ⅳ,35.51694444,139.4619444
3524,神奈川県,140654,,下鶴間甲一号遺跡,Ⅲ地区,Ⅴ,35.51694444,139.4619444
3525,神奈川県,140655,,下鶴間甲一号遺跡,Ⅲ地区,Ⅵ,35.51694444,139.4619444
3526,神奈川県,140656,,下鶴間甲一号遺跡,Ⅲ地区,Ⅰ,35.51694444,139.4619444
3527,神奈川県,140657,,下鶴間甲一号遺跡,Ⅲ地区,Ⅱ,35.51694444,139.4619444
3528,神奈川県,140658,,下鶴間甲一号遺跡,Ⅲ地区,Ⅲ,35.51694444,139.4619444
3529,神奈川県,140659,,下鶴間甲一号遺跡,Ⅲ地区,Ⅳ,35.51694444,139.4619444
3530,神奈川県,140660,,下鶴間甲一号遺跡,Ⅲ地区,Ⅴ,35.51694444,139.4619444
3531,神奈川県,140661,,下鶴間城山遺跡,,,35.51,139.4622222
3532,神奈川県,140662,,神明若宮地区内遺跡,Ａ地区,Ⅰ,35.43388889,139.4555556
3533,神奈川県,140663,,神明若宮地区内遺跡,Ａ地区,Ⅱ,35.43388889,139.4555556
3534,神奈川県,140664,,神明若宮地区内遺跡,Ａ地区,Ⅲ,35.43388889,139.4555556
3535,神奈川県,140665,,神明若宮地区内遺跡,Ａ地区,Ⅳ,35.43388889,139.4555556
3536,神奈川県,140666,,神明若宮地区内遺跡,Ａ地区,Ⅴ,35.43388889,139.4555556
3537,神奈川県,140667,,神明若宮地区内遺跡,Ｂ地区,Ⅰ,35.43333333,139.4563889
3538,神奈川県,140668,,神明若宮地区内遺跡,Ｂ地区,Ⅱ,35.43333333,139.4563889
3539,神奈川県,140669,,神明若宮地区内遺跡,Ｃ地区,Ⅰ,35.43277778,139.4569444
3540,神奈川県,140670,,神明若宮地区内遺跡,Ｃ地区,Ⅱ,35.43277778,139.4569444
3541,神奈川県,140671,,神明若宮地区内遺跡,Ｃ地区,Ⅲ,35.43277778,139.4569444
3542,神奈川県,140672,,草柳一丁目遺跡,,B1上,35.46805556,139.4544444
3543,神奈川県,140673,,草柳一丁目遺跡,,B1中,35.46805556,139.4544444
3544,神奈川県,140674,,草柳一丁目遺跡,,B2L中,35.46805556,139.4544444
3545,神奈川県,140675,,草柳中村遺跡,,Ⅰ,35.46777778,139.4547222
3546,神奈川県,140676,,草柳中村遺跡,,Ⅱ,35.46777778,139.4547222
3547,神奈川県,140677,,台山遺跡,,Ⅳ,35.50361111,139.4630556
3548,神奈川県,140678,,台山遺跡,,Ⅰ,35.50361111,139.4630556
3549,神奈川県,140679,,台山遺跡,,Ⅱ,35.50361111,139.4630556
3550,神奈川県,140680,,台山遺跡,,Ⅲ,35.50361111,139.4630556
3551,神奈川県,140681,,長堀北遺跡,,Ⅰ,35.49388889,139.4638889
3552,神奈川県,140682,,長堀北遺跡,,Ⅱ,35.49388889,139.4638889
3553,神奈川県,140683,,長堀北遺跡,,Ⅲ,35.49388889,139.4638889
3554,神奈川県,140684,,長堀北遺跡,,Ⅳ,35.49388889,139.4638889
3555,神奈川県,140685,,長堀北遺跡,,Ⅴ,35.49388889,139.4638889
3556,神奈川県,140686,,長堀北遺跡,,Ⅵ,35.49388889,139.4638889
3557,神奈川県,140687,,長堀南遺跡,,Ⅷ,35.49388889,139.4677778
3558,神奈川県,140688,,長堀南遺跡,,Ⅰ,35.49388889,139.4677778
3559,神奈川県,140689,,長堀南遺跡,,Ⅱ,35.49388889,139.4677778
3560,神奈川県,140690,,長堀南遺跡,,Ⅵ,35.49388889,139.4677778
3561,神奈川県,140691,,長堀南遺跡,,Ⅶ,35.49388889,139.4677778
3562,神奈川県,140692,,長堀南遺跡,,Ⅲ,35.49388889,139.4677778
3563,神奈川県,140693,,長堀南遺跡,,Ⅳ,35.49388889,139.4677778
3564,神奈川県,140694,,長堀南遺跡,,Ⅴ,35.49388889,139.4677778
3565,神奈川県,140695,,深見神社南遺跡,,Ⅰ,35.46527778,139.4694444
3566,神奈川県,140696,,深見神社南遺跡,,Ⅱ,35.46527778,139.4694444
3567,神奈川県,140697,,深見諏訪山遺跡,,Ⅰ,35.4775,139.4677778
3568,神奈川県,140698,,深見諏訪山遺跡,,Ⅱ,35.4775,139.4677778
3569,神奈川県,140699,,深見諏訪山遺跡,,Ⅲ,35.4775,139.4677778
3570,神奈川県,140700,,深見諏訪山遺跡,,Ⅳ,35.4775,139.4677778
3571,神奈川県,140701,,深見山王塚遺跡,,,35.46277778,139.4669444
3572,神奈川県,140702,,福田札ノ辻遺跡,,Ⅰ,35.43722222,139.4608333
3573,神奈川県,140703,,福田札ノ辻遺跡,,Ⅱ,35.43722222,139.4608333
3574,神奈川県,140704,,福田札ノ辻遺跡,,Ⅲ,35.43722222,139.4608333
3575,神奈川県,140705,,福田札ノ辻遺跡,,Ⅳ,35.43722222,139.4608333
3576,神奈川県,140706,,福田札ノ辻遺跡,,Ⅴ,35.43722222,139.4608333
3577,神奈川県,140707,,福田札ノ辻遺跡,,Ⅵ,35.43722222,139.4608333
3578,神奈川県,140708,,福田札ノ辻遺跡,,,35.43722222,139.4608333
3579,神奈川県,140709,,福田丙二ノ区遺跡,,Ⅰ,35.44861111,139.4575
3580,神奈川県,140710,,福田丙二ノ区遺跡,,Ⅱ,35.44861111,139.4575
3581,神奈川県,140711,,福田丙二ノ区遺跡,,Ⅲ,35.44861111,139.4575
3582,神奈川県,140712,,沼目・坂戸遺跡,第Ⅰ地点,L1S-B0,35.39972222,139.3155556
3583,神奈川県,140713,,沼目・坂戸遺跡,第Ⅱ地点,,35.39722222,139.3197222
3584,神奈川県,140714,,日向南新田遺跡,,Ｂ０,35.42833333,139.2933333
3585,神奈川県,140715,,日向南新田遺跡,,,35.42833333,139.2933333
3586,神奈川県,140716,,三ノ宮・下谷戸（No.14）遺跡,,,35.40083333,139.2886111
3587,神奈川県,140717,,三ノ宮・下谷戸（No.14）遺跡,,,35.40083333,139.2886111
3588,神奈川県,140718,,上粕屋・川上（No.5）遺跡,,,35.41111111,139.3097222
3589,神奈川県,140719,,上粕屋・川上（No.5）遺跡,,,35.41111111,139.3097222
3590,神奈川県,140720,,上粕屋・三本松（No.7）遺跡,,,35.40833333,139.3083333
3591,神奈川県,140721,,高森・一ノ崎（No.37）遺跡,,,35.41972222,139.3319444
3592,神奈川県,140722,,上粕屋・上尾崎（No.10）遺跡,,Ⅰ,35.40833333,139.2991667
3593,神奈川県,140723,,上粕屋・上尾崎（No.10）遺跡,,Ⅱ,35.40833333,139.2991667
3594,神奈川県,140724,,上粕屋・上尾崎（No.10）遺跡,,Ⅲ,35.40833333,139.2991667
3595,神奈川県,140725,,上粕屋・上尾崎（No.10）遺跡,,Ⅳ,35.40833333,139.2991667
3596,神奈川県,140726,,神戸・上宿（No.15）遺跡,,B0,35.39444444,139.2897222
3597,神奈川県,140727,,神戸・上宿（No.15）遺跡,,L1H,35.39444444,139.2897222
3598,神奈川県,140728,,神戸・上宿（No.15）遺跡,,B1,35.39444444,139.2897222
3599,神奈川県,140729,,神戸・上宿（No.15）遺跡,,L2,35.39444444,139.2897222
3600,神奈川県,140730,,坪ノ内・貝ヶ窪（No.19）遺跡,,,35.38805556,139.285
3601,神奈川県,140731,,坪ノ内・貝ヶ窪（No.19）遺跡,,B1u,35.38805556,139.285
3602,神奈川県,140732,,田中・万代遺跡,,L2－B2U,35.39972222,139.3163889
3603,神奈川県,140733,,田中・万代遺跡,,,35.39972222,139.3163889
3604,神奈川県,140734,,下北原遺跡,,L1S,35.43611111,139.2916667
3605,神奈川県,140735,,東大竹・山王塚遺跡,,L1S-B0,35.39,139.3083333
3606,神奈川県,140736,,稲荷久保遺跡,第Ⅲ地点,,35.38583333,139.3161111
3607,神奈川県,140737,,三ノ宮・宮ノ前遺跡,,FB,35.40111111,139.2833333
3608,神奈川県,140738,,上粕屋・川上遺跡,,縄文包含層,35.41194444,139.3058333
3609,神奈川県,140739,,岡崎・天神下遺跡,,,35.3825,139.3138889
3610,神奈川県,140740,,串橋・宮ノ根遺跡,,,35.39194444,139.2844444
3611,神奈川県,140741,,下糟屋・粟窪遺跡,,表採,35.4075,139.3175
3612,神奈川県,140742,,下糟屋・上町並遺跡,,,35.40555556,139.3233333
3613,神奈川県,140743,,下糟屋・丸山遺跡,,,35.40583333,139.3194444
3614,神奈川県,140744,,伊勢原市No.40遺跡,,表採,35.40388889,139.2944444
3615,神奈川県,140745,,高森・番場遺跡,,表採,35.41222222,139.3205556
3616,神奈川県,140746,,坪ノ内・久門寺遺跡,,,35.38972222,139.2733333
3617,神奈川県,140747,下糟屋・弥杉地区遺跡群,,,,35.40666667,139.3113889
3618,神奈川県,140748,,東大竹・市場（Ⅵ）遺跡,,,35.39583333,139.3061111
3619,神奈川県,140749,,丸山城跡,,,35.40666667,139.3152778
3620,神奈川県,140750,,咳止橋遺跡,,,35.41,139.3058333
3621,神奈川県,140751,,田中・聖原遺跡,,,35.4025,139.3086111
3622,神奈川県,140752,,田中・聖原遺跡,,,35.4025,139.3086111
3623,神奈川県,140753,,西富岡・向畑遺跡,,,35.41472222,139.305
3624,神奈川県,140754,比々多遺跡群,善波・上ノ在家遺跡,,,35.38638889,139.2741667
3625,神奈川県,140755,比々多遺跡群,善波・上坂東遺跡,,,35.38666667,139.2755556
3626,神奈川県,140756,比々多第二地区遺跡群,,１８トレンチ,,35.39361111,139.2852778
3627,神奈川県,140757,成瀬第二地区遺跡群,,13T,表採,35.41111111,139.3216667
3628,神奈川県,140758,池端地区遺跡群,,,漸移層,35.39472222,139.3233333
3629,神奈川県,140759,成瀬第二地区遺跡群,下糟屋Ｃ地区遺跡,第１地点,B1,35.40333333,139.3252778
3630,神奈川県,140760,,杉久保内藤原遺跡,,,35.4275,139.3944444
3631,神奈川県,140761,,杉久保釜坂遺跡,,,35.42972222,139.3977778
3632,神奈川県,140762,,杉久保蓮谷遺跡,,,35.425,139.4072222
3633,神奈川県,140763,,海老名本郷遺跡,GIN-Ⅱ地区,,35.40277778,139.3997222
3634,神奈川県,140764,,海老名本郷遺跡,ＤＯＥ地区,,35.40277778,139.3997222
3635,神奈川県,140765,,海老名本郷遺跡,ＤＯＥ地区,L2,35.40277778,139.3997222
3636,神奈川県,140766,,海老名本郷遺跡,ＫＡ地区,,35.40277778,139.3997222
3637,神奈川県,140767,,かしわ台駅前遺跡,,Ⅰ,35.46777778,139.4172222
3638,神奈川県,140768,,かしわ台駅前遺跡,,Ⅱ,35.46777778,139.4172222
3639,神奈川県,140769,,かしわ台駅前遺跡,,Ⅲ,35.46777778,139.4172222
3640,神奈川県,140770,,かしわ台駅前遺跡,,Ⅳ,35.46777778,139.4172222
3641,神奈川県,140771,,かしわ台駅前遺跡,,Ⅴ,35.46777778,139.4172222
3642,神奈川県,140772,,柏ヶ谷長ヲサ遺跡,,草創期,35.46777778,139.4119444
3643,神奈川県,140773,,柏ヶ谷長ヲサ遺跡,,Ⅰa,35.46777778,139.4119444
3644,神奈川県,140774,,柏ヶ谷長ヲサ遺跡,,Ⅰb,35.46777778,139.4119444
3645,神奈川県,140775,,柏ヶ谷長ヲサ遺跡,,Ⅱ,35.46777778,139.4119444
3646,神奈川県,140776,,柏ヶ谷長ヲサ遺跡,,Ⅲ,35.46777778,139.4119444
3647,神奈川県,140777,,柏ヶ谷長ヲサ遺跡,,Ⅳ,35.46777778,139.4119444
3648,神奈川県,140778,,柏ヶ谷長ヲサ遺跡,,Ⅴ,35.46777778,139.4119444
3649,神奈川県,140779,,柏ヶ谷長ヲサ遺跡,,Ⅵ,35.46777778,139.4119444
3650,神奈川県,140780,,柏ヶ谷長ヲサ遺跡,,Ⅶ,35.46777778,139.4119444
3651,神奈川県,140781,,柏ヶ谷長ヲサ遺跡,,Ⅷ,35.46777778,139.4119444
3652,神奈川県,140782,,柏ヶ谷長ヲサ遺跡,,Ⅸ,35.46777778,139.4119444
3653,神奈川県,140783,,柏ヶ谷長ヲサ遺跡,,Ⅹ,35.46777778,139.4119444
3654,神奈川県,140784,,柏ヶ谷長ヲサ遺跡,,ⅩⅠ,35.46777778,139.4119444
3655,神奈川県,140785,,柏ヶ谷長ヲサ遺跡,,ⅩⅡ,35.46777778,139.4119444
3656,神奈川県,140786,,柏ヶ谷長ヲサ遺跡,,ⅩⅢ,35.46777778,139.4119444
3657,神奈川県,140787,,上今泉谷遺跡,,,35.4675,139.4033333
3658,神奈川県,140788,,望地遺跡,,,35.45277778,139.4058333
3659,神奈川県,140789,,望地遺跡,,,35.45222222,139.4058333
3660,神奈川県,140790,,相模野No.１遺跡,,,0,0
3661,神奈川県,140791,,相模野No.46遺跡,,B2,35.46361111,139.4097222
3662,神奈川県,140792,,相模野No.50遺跡,,B2,35.46805556,139.4097222
3663,神奈川県,140793,,相模野No.51遺跡,,B4,35.46916667,139.4102778
3664,神奈川県,140794,,相模野No.52遺跡,,,35.46972222,139.4083333
3665,神奈川県,140795,,大松原東遺跡,,BB2L,35.45944444,139.4044444
3666,神奈川県,140796,,大松原東遺跡,,BB3,35.45944444,139.4044444
3667,神奈川県,140797,,上今泉中原遺跡,,,35.47027778,139.4091667
3668,神奈川県,140798,,大谷市場遺跡,,,35.44388889,139.3983333
3669,神奈川県,140799,,杉久保東谷遺跡,,FB,35.42833333,139.4091667
3670,神奈川県,140800,,杉久保東谷遺跡,,B1,35.42833333,139.4091667
3671,神奈川県,140801,,柏ヶ谷南遺跡,,,35.46416667,139.4113889
3672,神奈川県,140802,,上浜田遺跡,,,35.44083333,139.4022222
3673,神奈川県,140803,,大谷向原遺跡,,,35.43111111,139.4013889
3674,神奈川県,140804,,杉久保遺跡,,,35.42583333,139.4008333
3675,神奈川県,140805,,相模国分寺寺域遺跡,,,35.45416667,139.3977778
3676,神奈川県,140806,,栗原中丸遺跡,,Ⅰ,35.48805556,139.4175
3677,神奈川県,140807,,栗原中丸遺跡,,Ⅱ,35.48805556,139.4175
3678,神奈川県,140808,,栗原中丸遺跡,,Ⅲ,35.48805556,139.4175
3679,神奈川県,140809,,栗原中丸遺跡,,Ⅳ,35.48805556,139.4175
3680,神奈川県,140810,,栗原中丸遺跡,,Ⅴ,35.48805556,139.4175
3681,神奈川県,140811,,栗原中丸遺跡,,Ⅵ,35.48805556,139.4175
3682,神奈川県,140812,,栗原中丸遺跡,,Ⅶ,35.48805556,139.4175
3683,神奈川県,140813,,栗原中丸遺跡,,Ⅷ,35.48805556,139.4175
3684,神奈川県,140814,,栗原中丸遺跡,,Ⅸ,35.48805556,139.4175
3685,神奈川県,140815,,栗原中谷遺跡,,,35.48166667,139.4180556
3686,神奈川県,140816,,栗原中谷遺跡,,Ⅰ,35.48166667,139.4180556
3687,神奈川県,140817,,栗原中谷遺跡,,Ⅱ,35.48166667,139.4180556
3688,神奈川県,140818,,栗原中谷遺跡,,Ⅲ,35.48166667,139.4180556
3689,神奈川県,140819,,西原遺跡,,Ⅰ,35.47638889,139.4125
3690,神奈川県,140820,,間の原遺跡,,B1下部,35.48972222,139.4116667
3691,神奈川県,140821,,座間市栗原中丸遺跡,,L1S,35.48972222,139.4188889
3692,神奈川県,140822,,座間市栗原中丸遺跡,,B0下部,35.48972222,139.4188889
3693,神奈川県,140823,,山ノ神遺跡,,遺物群Ⅰ,35.495,139.3997222
3694,神奈川県,140824,,山ノ神遺跡,,遺物群Ⅱ,35.495,139.3997222
3695,神奈川県,140825,,山ノ神遺跡,,遺物群Ⅲ,35.495,139.3997222
3696,神奈川県,140826,,山ノ神遺跡,,遺物群Ⅴ,35.495,139.3997222
3697,神奈川県,140827,,山ノ神遺跡,,遺物群Ⅵ,35.495,139.3997222
3698,神奈川県,140828,,鷹見塚遺跡,,遺物群Ⅳ,35.49694444,139.4022222
3699,神奈川県,140829,,鷹見塚遺跡,,遺物群Ⅴ,35.49694444,139.4022222
3700,神奈川県,140830,,鷹見塚遺跡,,遺物群Ⅵ,35.49694444,139.4022222
3701,神奈川県,140831,,上栗原Ａ遺跡,,,35.48472222,139.4177778
3702,神奈川県,140832,,平和坂遺跡,Ａ地区,Ⅰ,35.48805556,139.3958333
3703,神奈川県,140833,,平和坂遺跡,,B1上部,35.48805556,139.3963889
3704,神奈川県,140834,,相模野No.57遺跡,,B0-B2,35.46944444,139.4197222
3705,神奈川県,140835,,相模野No.60遺跡,,B2U,35.4825,139.42
3706,神奈川県,140836,,相模野No.61遺跡,,B2上位,35.48027778,139.4152778
3707,神奈川県,140837,,相模野No.62遺跡,,B2中位,35.48527778,139.4119444
3708,神奈川県,140838,,相模野No.168遺跡,,B2L,0,0
3709,神奈川県,140839,,怒田亀ヶ尾遺跡,,,35.33194444,139.0955556
3710,神奈川県,140840,,福泉貝塚,,,35.32611111,139.0975
3711,神奈川県,140841,玉峰遺跡群,,,,35.30083333,139.1075
3712,神奈川県,140842,,相模野No.44遺跡,,B2上面,35.44166667,139.4130556
3713,神奈川県,140843,,相模野No.73遺跡,,B1U,35.41194444,139.4569444
3714,神奈川県,140844,,相模野No.74遺跡,,B2上部,35.41333333,139.4533333
3715,神奈川県,140845,,相模野No.74遺跡,,B3U,35.41333333,139.4533333
3716,神奈川県,140846,,相模野No.100遺跡,,B2上部,35.41083333,139.4519444
3717,神奈川県,140847,,相模野No.100遺跡,,～B2U,35.41083333,139.4519444
3718,神奈川県,140848,,相模野No.101遺跡,,B2上面,35.41333333,139.4533333
3719,神奈川県,140849,,相模野No.101遺跡,,B3U,35.41333333,139.4533333
3720,神奈川県,140850,,相模野No.102遺跡,,B2上面･下面,35.41277778,139.4480556
3721,神奈川県,140851,,相模野No.107遺跡,,Ⅰ・Ⅱ,35.43277778,139.4444444
3722,神奈川県,140852,,相模野No.108遺跡,,L2U,35.43722222,139.4472222
3723,神奈川県,140853,,相模野No.108遺跡,,B2L･L2,35.43722222,139.4472222
3724,神奈川県,140854,,相模野No.112遺跡,,,35.46027778,139.4363889
3725,神奈川県,140855,,相模野No.113遺跡,,B2上面,35.46055556,139.4416667
3726,神奈川県,140856,,相模野No.116遺跡,,,35.45138889,139.4286111
3727,神奈川県,140857,,相模野No.173遺跡,,B1L,35.44472222,139.4441667
3728,神奈川県,140858,,報恩寺遺跡,,旧,35.45111111,139.4263889
3729,神奈川県,140859,,寺尾遺跡,,Ⅰ,35.44916667,139.4288889
3730,神奈川県,140860,,寺尾遺跡,,Ⅱ,35.44916667,139.4288889
3731,神奈川県,140861,,寺尾遺跡,,Ⅲ,35.44916667,139.4288889
3732,神奈川県,140862,,寺尾遺跡,,Ⅳ,35.44916667,139.4288889
3733,神奈川県,140863,,寺尾遺跡,,Ⅴ,35.44916667,139.4288889
3734,神奈川県,140864,,寺尾遺跡,,Ⅵ,35.44916667,139.4288889
3735,神奈川県,140865,,寺尾遺跡,,Ⅶ,35.44916667,139.4288889
3736,神奈川県,140866,,宮久保遺跡,,,35.43611111,139.4122222
3737,神奈川県,140867,,宮久保遺跡,,B0-L1H,35.43611111,139.4122222
3738,神奈川県,140868,,宮久保遺跡,,L1H,35.43611111,139.4122222
3739,神奈川県,140869,,早川天神森遺跡,,Ⅰ,35.43638889,139.4211111
3740,神奈川県,140870,,早川天神森遺跡,,Ⅱ,35.43638889,139.4211111
3741,神奈川県,140871,,早川天神森遺跡,,Ⅱ,35.43638889,139.4211111
3742,神奈川県,140872,,早川天神森遺跡,,Ⅲ,35.43638889,139.4211111
3743,神奈川県,140873,,早川天神森遺跡,,Ⅳ,35.43638889,139.4211111
3744,神奈川県,140874,,早川天神森遺跡,,Ⅴ,35.43638889,139.4211111
3745,神奈川県,140875,,早川天神森遺跡,,Ⅵ,35.43638889,139.4211111
3746,神奈川県,140876,,早川天神森遺跡,,Ⅶ,35.43638889,139.4211111
3747,神奈川県,140877,,早川天神森遺跡,,Ⅷ,35.43638889,139.4211111
3748,神奈川県,140878,,早川天神森遺跡,,Ⅸ,35.43638889,139.4211111
3749,神奈川県,140879,,早川天神森遺跡,,Ⅹ,35.43638889,139.4211111
3750,神奈川県,140880,吉岡遺跡群,,,Ⅰ,35.41888889,139.4133333
3751,神奈川県,140881,吉岡遺跡群,,,Ⅱ,35.41888889,139.4133333
3752,神奈川県,140882,吉岡遺跡群,,Ａ区,FBL-漸移,35.41916667,139.4194444
3753,神奈川県,140883,吉岡遺跡群,,Ａ区,L1SU,35.41833333,139.4194444
3754,神奈川県,140884,吉岡遺跡群,,Ａ区,L1HU,35.41861111,139.4177778
3755,神奈川県,140885,吉岡遺跡群,,Ａ区,B1U,35.41916667,139.4194444
3756,神奈川県,140886,吉岡遺跡群,,Ａ区,L2M,35.41833333,139.4180556
3757,神奈川県,140887,吉岡遺跡群,,Ａ区,B2,35.41916667,139.4194444
3758,神奈川県,140888,吉岡遺跡群,,Ａ区,B4U,35.41861111,139.4188889
3759,神奈川県,140889,吉岡遺跡群,,B区,FBL-漸移,35.42416667,139.4177778
3760,神奈川県,140890,吉岡遺跡群,,Ｂ区,L1HU,35.42361111,139.4177778
3761,神奈川県,140891,吉岡遺跡群,,Ｂ区,B1MU,35.42166667,139.4186111
3762,神奈川県,140892,吉岡遺跡群,,B区,B2,35.42166667,139.4186111
3763,神奈川県,140893,吉岡遺跡群,,Ｂ区,B4U,35.42388889,139.4177778
3764,神奈川県,140894,吉岡遺跡群,,Ｃ区,FB-L1S,35.42305556,139.4208333
3765,神奈川県,140895,吉岡遺跡群,,Ｃ区,B0,35.42305556,139.4216667
3766,神奈川県,140896,吉岡遺跡群,,Ｃ区,L1H,35.4225,139.4202778
3767,神奈川県,140897,吉岡遺跡群,,Ｃ区,B1U,35.42333333,139.4197222
3768,神奈川県,140898,吉岡遺跡群,,Ｃ区,B1L,35.42333333,139.4211111
3769,神奈川県,140899,吉岡遺跡群,,Ｃ区,B2LU,35.42277778,139.4202778
3770,神奈川県,140900,吉岡遺跡群,,Ｃ区,L3,35.4225,139.4202778
3771,神奈川県,140901,吉岡遺跡群,,Ｃ区,B3L,35.42277778,139.4202778
3772,神奈川県,140902,吉岡遺跡群,,Ｃ区,B4MU,35.4225,139.4202778
3773,神奈川県,140903,吉岡遺跡群,,Ｃ区,B4M,35.42333333,139.42
3774,神奈川県,140904,吉岡遺跡群,,Ｄ区,FB,35.42194444,139.4216667
3775,神奈川県,140905,吉岡遺跡群,,Ｄ区,B0,35.4225,139.4225
3776,神奈川県,140906,吉岡遺跡群,,Ｄ区,L1H,35.42194444,139.4216667
3777,神奈川県,140907,吉岡遺跡群,,Ｄ区,B1L,35.42138889,139.4233333
3778,神奈川県,140908,吉岡遺跡群,,Ｄ区,B2U,35.42194444,139.4216667
3779,神奈川県,140909,吉岡遺跡群,,Ｄ区,B2LU,35.42194444,139.4216667
3780,神奈川県,140910,吉岡遺跡群,,Ｄ区,B4L,35.42138889,139.4213889
3781,神奈川県,140911,吉岡遺跡群,,Ｄ区,L7下位,35.42194444,139.4216667
3782,神奈川県,140912,吉岡遺跡群,,Ｄ区,B5,35.42138889,139.4227778
3783,神奈川県,140913,吉岡遺跡群,,Ｄ区,ML,35.42111111,139.4236111
3784,神奈川県,140914,吉岡遺跡群,,Ｅ区,FBL-漸移,35.42027778,139.4219444
3785,神奈川県,140915,吉岡遺跡群,,Ｅ区,B2L,35.41916667,139.4213889
3786,神奈川県,140916,吉岡遺跡群,,Ｅ区,B4U,35.42027778,139.4213889
3787,神奈川県,140917,吉岡遺跡群,,Ｂ区（２次）,Ⅰ,35.42166667,139.4186111
3788,神奈川県,140918,吉岡遺跡群,,Ｂ区（２次）,Ⅱ,35.42166667,139.4186111
3789,神奈川県,140919,吉岡遺跡群,,Ｂ区（２次）,Ⅲ,35.42083333,139.4188889
3790,神奈川県,140920,吉岡遺跡群,,Ｂ区（２次）,Ⅳ,35.42138889,139.4180556
3791,神奈川県,140921,吉岡遺跡群,,Ｂ区（２次）,Ⅴ,35.42166667,139.4186111
3792,神奈川県,140922,吉岡遺跡群,,Ｂ区（２次）,Ⅵ,35.42166667,139.4186111
3793,神奈川県,140923,吉岡遺跡群,,Ｂ区（２次）,Ⅶａ,35.42166667,139.4186111
3794,神奈川県,140924,吉岡遺跡群,,Ｂ区（２次）,Ⅶｂ,35.42166667,139.4194444
3795,神奈川県,140925,吉岡遺跡群,,Ｂ区（２次）,Ⅶｃ,35.42277778,139.4183333
3796,神奈川県,140926,,小園前畑遺跡,,B2U～B2L上面,35.44694444,139.4116667
3797,神奈川県,140927,,小園前畑遺跡,,,35.44694444,139.4116667
3798,神奈川県,140928,,地蔵坂遺跡,,Ⅵ,35.41583333,139.4461111
3799,神奈川県,140929,,地蔵坂遺跡,,Ⅶ,35.41583333,139.4461111
3800,神奈川県,140930,,地蔵坂遺跡,,B2U上部,35.41583333,139.4461111
3801,神奈川県,140931,,地蔵坂遺跡,,B2U下部,35.41583333,139.4461111
3802,神奈川県,140932,,地蔵坂遺跡,,B2L間層部,35.41583333,139.4461111
3803,神奈川県,140933,,地蔵坂遺跡,,B2L下底部,35.41583333,139.4461111
3804,神奈川県,140934,,寺尾代官遺跡,,L1H,35.44888889,139.4252778
3805,神奈川県,140935,,市兵衛谷遺跡,,,35.44722222,139.4116667
3806,神奈川県,140936,,綾瀬市No.45遺跡,,,35.42305556,139.4416667
3807,神奈川県,140937,,綾瀬市No.138遺跡,,,35.4225,139.445
3808,神奈川県,140938,,相模野No.190遺跡,,B3M,35.44638889,139.4113889
3809,神奈川県,140939,,上土棚遺跡,,Ⅶ,35.41583333,139.4469444
3810,神奈川県,140940,,上土棚遺跡,,B2L上部・B2L下部,35.41583333,139.4469444
3811,神奈川県,140941,,上土棚南遺跡３次,,Ⅰ,35.41555556,139.4461111
3812,神奈川県,140942,,上土棚南遺跡３次,,Ⅱ,35.41555556,139.4461111
3813,神奈川県,140943,,上土棚南遺跡４次,,B4l,35.41416667,139.4605556
3814,神奈川県,140944,,中尾遺跡,,Ⅰ,35.45277778,139.4225
3815,神奈川県,140945,,中尾遺跡,,Ⅱ,35.45277778,139.4225
3816,神奈川県,140946,,本蓼川遺跡,,Ⅳ,35.43722222,139.4472222
3817,神奈川県,140947,,与蔵山下遺跡,,Ⅰ,35.44083333,139.4438889
3818,神奈川県,140948,,与蔵山下遺跡,,Ⅱ,35.44083333,139.4438889
3819,神奈川県,140949,,与蔵山下遺跡,,Ⅲ,35.44083333,139.4438889
3820,神奈川県,140950,,与蔵山下遺跡,,Ⅳ,35.44083333,139.4438889
3821,神奈川県,140951,,大塚堂遺跡,,B0,35.41861111,139.4341667
3822,神奈川県,140952,,上土棚笹山遺跡,,Ⅰ,35.41527778,139.4527778
3823,神奈川県,140953,,上土棚笹山遺跡,,Ⅱ,35.41527778,139.4527778
3824,神奈川県,140954,,岡田遺跡,,,35.37888889,139.3930556
3825,神奈川県,140955,,大蔵東原遺跡,,B1,35.37888889,139.3930556
3826,神奈川県,140956,,平遺跡,,,35.32555556,139.2608333
3827,神奈川県,140957,,一色遺跡,,,35.31388889,139.2463889
3828,神奈川県,140958,,東向（No.33）遺跡,,,35.35222222,139.2119444
3829,神奈川県,140959,,中井町No.４１遺跡,,,35.33472222,139.2177778
3830,神奈川県,140960,,矢頭（No.35）遺跡,,,35.34083333,139.1713889
3831,神奈川県,140961,,朝日遺跡,,,35.22194444,139.045
3832,神奈川県,140962,宮ヶ瀬遺跡群,半原向原遺跡,,L1H,35.54,139.2563889
3833,神奈川県,140963,宮ヶ瀬遺跡群,サザランケ（No.12）遺跡,,Ⅱa,35.53027778,139.2277778
3834,神奈川県,140964,宮ヶ瀬遺跡群,サザランケ（No.12）遺跡,,Ⅱｂ,35.53027778,139.2277778
3835,神奈川県,140965,宮ヶ瀬遺跡群,サザランケ（No.12）遺跡,,Ⅲ,35.53027778,139.2277778
3836,神奈川県,140966,宮ヶ瀬遺跡群,サザランケ（No.12）遺跡,,Ⅳ,35.53027778,139.2277778
3837,神奈川県,140967,宮ヶ瀬遺跡群,サザランケ（No.12）遺跡,,Ⅴ,35.53027778,139.2277778
3838,神奈川県,140968,宮ヶ瀬遺跡群,サザランケ（No.12）遺跡,,Ⅵ,35.53027778,139.2277778
3839,神奈川県,140969,宮ヶ瀬遺跡群,サザランケ（No.12）遺跡,,Ⅶ,35.53027778,139.2277778
3840,神奈川県,140970,宮ヶ瀬遺跡群,サザランケ（No.12）遺跡,,Ⅰ,35.53027778,139.2277778
3841,神奈川県,140971,宮ヶ瀬遺跡群,上原（No.13）遺跡,,Ⅰ,35.53055556,139.2266667
3842,神奈川県,140972,宮ヶ瀬遺跡群,上原（No.13）遺跡,,Ⅱ,35.53055556,139.2266667
3843,神奈川県,140973,宮ヶ瀬遺跡群,上原（No.13）遺跡,,Ⅳ,35.53055556,139.2266667
3844,神奈川県,140974,宮ヶ瀬遺跡群,上原（No.13）遺跡,,Ⅴ,35.53055556,139.2266667
3845,神奈川県,140975,宮ヶ瀬遺跡群,上原（No.13）遺跡,,Ⅶ,35.53055556,139.2266667
3846,神奈川県,140976,宮ヶ瀬遺跡群,中原（No.13C）遺跡,,Ⅰ,35.53111111,139.2247222
3847,神奈川県,140977,宮ヶ瀬遺跡群,中原（No.13C）遺跡,,Ⅱ,35.53111111,139.2247222
3848,神奈川県,140978,宮ヶ瀬遺跡群,中原（No.13C）遺跡,,Ⅴ,35.53111111,139.2247222
3849,神奈川県,140979,宮ヶ瀬遺跡群,中原（No.13C）遺跡,,Ⅵ,35.53111111,139.2247222
3850,神奈川県,140980,宮ヶ瀬遺跡群,大野原（No.13Ｄ）遺跡,,Ⅱ,35.53222222,139.2238889
3851,神奈川県,140981,宮ヶ瀬遺跡群,馬場（No.6）遺跡,,L1S,35.52,139.2352778
3852,神奈川県,140982,宮ヶ瀬遺跡群,馬場（No.5）遺跡,,Ⅰ,35.51888889,139.2369444
3853,神奈川県,140983,宮ヶ瀬遺跡群,南（No.2）遺跡,,Ⅰ,35.5175,139.235
3854,神奈川県,140984,宮ヶ瀬遺跡群,北原（No.10・11北）遺跡,,Ⅰ,35.50527778,139.2333333
